"","ds.est","dsm.est","dsm.var","dsm.dev"
"1",983.164851461878,991.501800309437,2102.80599258771,0.125462934357274
"2",919.763473080654,929.411204106555,1981.17845636896,0.13080540747953
"3",947.434402073591,950.365195966521,2023.92412578487,0.115693620276117
"4",981.545858654091,995.995982580684,2223.08520081378,0.190370185481667
"5",912.680353306598,921.416012695698,1811.35476443687,0.136598767790233
"6",1065.43107650362,1084.85324750574,2519.60309991017,0.124331875031029
"7",973.710068950262,977.971569717051,2133.63387094101,0.170919130510909
"8",1030.7695661655,1038.4650701006,2194.22531535868,0.1267579562116
"9",1013.93350614786,1020.25683168847,2197.40061869332,0.160921493722291
"10",1004.5498664495,1021.29914413796,2276.4097336988,0.117336679110217
"11",979.925925521864,987.530260912617,2102.05151289369,0.141310214481421
"12",973.403344519869,980.58960061945,2041.80835345709,0.202756793840691
"13",951.127591216611,974.630155696311,2021.66718251259,0.113006883590602
"14",1028.27093270303,1032.38718127843,2244.19448096377,0.133799521027454
"15",1058.48061448426,1066.91443980274,2402.99905240768,0.105599567363063
"16",1046.9037991514,1052.36473886079,2224.86936217319,0.160559119115383
"17",1038.80310883998,1063.06205661995,2356.42218406577,0.163357778683011
"18",1027.08188138733,1037.29863066654,2229.01761616815,0.106916368536943
"19",972.618775181639,977.548365092416,2091.25923320507,0.195132428067661
"20",955.011053938014,957.952550062753,1960.38363717376,0.16201512874932
"21",945.382683804,963.685058704832,2013.11750260137,0.135555343542534
"22",1027.0951960515,1032.14322193222,2148.56735406058,0.15775659804469
"23",1038.38040304669,1045.74129354465,2162.7628076795,0.169238508721152
"24",876.581965715379,888.531740075572,1715.77087766799,0.1752761949667
"25",1007.08742117493,1025.24190018472,2131.08176395686,0.191351117822898
"26",1036.73373613153,1043.47626208925,2214.81951846301,0.20151943870206
"27",1013.78482809741,1019.35658680253,2113.94258243257,0.179797846242455
"28",989.38648224898,994.435236233569,2149.08286337302,0.115491218358398
"29",1021.9485249259,1027.8872706153,2170.4627832433,0.157165092488836
"30",1041.43778775586,1049.95960230659,2223.9275290101,0.121266080702293
"31",922.425058291867,934.987222006894,1910.20739691082,0.0910791082418609
"32",940.48344901141,951.247652842007,1952.53701419888,0.155150080472063
"33",985.28748742898,991.786243150131,2132.82334688962,0.132377573645331
"34",971.304835394765,987.47683281805,2091.2252890484,0.161396588903846
"35",1013.44496371487,1020.6795254541,2161.52524802015,0.130856003707296
"36",1057.76427763369,1065.54753309385,2356.2257566174,0.13108794988204
"37",897.331682167898,911.598597195419,1893.14942632083,0.178293496567979
"38",1067.22076201496,1078.91703225835,2511.86087370338,0.175341332553148
"39",1016.954252152,1024.88976195321,2226.91879449503,0.131666186372806
"40",1006.98932807092,1016.21671310375,2144.86780900557,0.138706708111109
"41",1000.60974881155,1006.97619695006,2213.53171510126,0.178995093786288
"42",934.802532176776,959.097890908411,1999.4477057241,0.168485652993184
"43",971.376910266442,975.732542318954,2051.93449706314,0.180149553389091
"44",1037.94720571654,1054.60858216104,2363.09873011476,0.111773861997347
"45",956.435386399379,981.705047913605,2137.44607167351,0.141506269335862
"46",1013.44020924585,1019.66027146427,2202.82344905524,0.155537337279676
"47",989.998991722244,997.549122756574,2094.94495144285,0.158841954484747
"48",1014.17367736174,1021.47426839132,2243.52205129005,0.179670821001769
"49",1000.45575123469,1007.61131375461,2182.71942812831,0.125642698282975
"50",928.727928055714,952.180060781749,1929.84391650031,0.115405143651913
"51",974.401744773859,981.959617233232,2104.61159091829,0.180684213819255
"52",1019.62864202912,1029.05739895589,2176.78939509721,0.135347594482672
"53",959.425929650757,966.370525955302,2011.95200163818,0.116332004233359
"54",986.957707113552,991.924506039521,2054.43622748472,0.147227429724003
"55",1146.30768359749,1152.64905973712,2648.33453099315,0.161277248584927
"56",1003.5860390202,1015.98061246674,2204.16147842276,0.164393300553887
"57",1036.94838674062,1047.40116149718,2321.89349655198,0.188734065022459
"58",935.410279189329,940.876211643061,1940.33306671132,0.0741195706888337
"59",929.882250083569,936.448926374438,1881.44009333105,0.161181808055916
"60",1014.31382830344,1038.8639007104,2230.63477332253,0.14144318848913
"61",960.605890705018,964.660637611413,2085.29977273796,0.166923706555284
"62",1035.2931972102,1044.83911611433,2378.28654860449,0.142079155629274
"63",1032.97476057122,1040.19759575362,2264.80719141393,0.131844911895145
"64",975.168646693341,993.158956160184,2139.16169883043,0.16773755269523
"65",1041.00976531203,1066.34041928617,2299.2008658506,0.171257009024593
"66",1011.43491622969,1019.36870885906,2272.9176984792,0.161759627873767
"67",971.326060170684,977.902080523482,1996.83729552618,0.176133998670228
"68",1037.82645701034,1044.02104116858,2258.68917246046,0.197628950527816
"69",1056.47372906936,1067.72318898101,2358.2404807671,0.174742713407338
"70",1023.69576573371,1029.58924727656,2152.11664983406,0.155380751935753
"71",906.425949110088,914.79409629692,1835.88617193374,0.143825221192664
"72",961.4563354813,969.950348875731,2091.74948875053,0.171130022681483
"73",988.101916367302,991.53236481083,2131.87919392323,0.176083661217438
"74",985.579943471786,992.390422137748,2114.40080049061,0.15583394473357
"75",934.556006880118,944.356720221183,1925.76724927898,0.206030227445875
"76",1040.54429385432,1052.89899231947,2336.3062246631,0.191728918446418
"77",965.768056383525,978.623664782203,2073.63977909538,0.181495468837697
"78",962.148629779866,983.631998350714,2090.61934094906,0.132730451621361
"79",1018.08585093612,1028.27347855289,2298.54217419175,0.0999759608816426
"80",1060.34697958607,1066.07349960633,2388.54921533487,0.179957442278398
"81",962.279317177765,970.896692261394,1980.41020796416,0.129749009571102
"82",973.695022864595,987.165731069697,2116.1649059676,0.150974645115766
"83",961.461172507687,970.160269327217,2128.82690817814,0.184183678256084
"84",920.580697261424,930.792772232654,1921.42089636825,0.0806253036719286
"85",1038.12214212384,1044.38011505252,2296.57166525399,0.112383278642061
"86",946.445781914619,950.867150401795,1952.29261615662,0.172606386149683
"87",926.215132960782,930.349560950777,1966.15204360564,0.167538318295977
"88",1063.03760233665,1073.59349728944,2523.11361547204,0.117407330152895
"89",1019.52263196219,1026.06137515127,2213.17198261315,0.127006208525429
"90",935.549456143012,939.728385155244,1979.21160597273,0.143591421821569
"91",1051.64863273774,1058.33244991484,2354.86349694042,0.121703792598708
"92",1014.93440518053,1020.61260745375,2248.92091376243,0.178546892171719
"93",992.257232032391,1000.31315104376,2147.13669453094,0.208452556452144
"94",990.864966765693,996.268783051836,2055.48592434776,0.133202980594104
"95",1033.25867797626,1039.03042113255,2249.11182722856,0.216586349721911
"96",1008.52815879111,1019.61651684786,2204.08920527594,0.145531935036097
"97",1051.14211187161,1059.85550301022,2327.80449794002,0.103970066123173
"98",1015.35558927309,1023.14004929899,2208.44955165961,0.148951482297724
"99",957.89125042183,964.471008817804,1970.90263519292,0.22397198906725
"100",1109.63736900374,1115.54275005071,2582.33576816322,0.146661944124392
"101",1024.01154795778,1030.0954833496,2305.64194234873,0.169714383770024
"102",1035.51041488962,1045.12171485475,2394.23988759017,0.156322165389284
"103",1070.69618091079,1080.4884146772,2473.71934351596,0.145710556399326
"104",1013.55474538226,1018.61264101708,2145.01982633853,0.193441134574138
"105",1065.28113568888,1073.81243300345,2485.27882658521,0.171261817236999
"106",1074.05346376547,1102.57390857462,2457.35635141593,0.201972460514545
"107",962.335444701187,968.350891635918,1982.0948743624,0.103090641874835
"108",1038.20368681987,1050.27202160852,2380.21385680927,0.164002253157448
"109",943.336177181898,969.236083089255,2013.00240788991,0.210258597274418
"110",1079.17157637809,1086.42598286725,2449.62005299453,0.15962918470242
"111",1025.28165985531,1032.00469577465,2310.71178102656,0.186938215437542
"112",1026.59613125918,1033.94082619227,2303.63976246278,0.154595524004041
"113",966.193985238993,972.138933123247,1940.91388962821,0.130555679415608
"114",932.665671167675,943.395617687141,1987.22239807361,0.105376551811037
"115",946.358081356341,952.034531910686,1969.88530787739,0.14612247331063
"116",1126.9833540616,1150.41474532926,2617.11321164146,0.11191530356393
"117",988.00218021348,992.563101708015,2074.50645264799,0.175695367733665
"118",1031.11131747669,1038.17769117429,2204.60993976492,0.143456309103347
"119",1017.5005103075,1030.73782155231,2232.01000062823,0.157463406918775
"120",1089.08104508927,1107.69840358118,2525.37321680326,0.0940222828931294
"121",1040.10571988019,1056.37655599296,2322.93107924434,0.116402541421028
"122",988.580710160355,1009.18799413603,2091.93022788975,0.181776206201586
"123",1006.42682672751,1033.92211441597,2366.28323374729,0.153417092981154
"124",1000.92950749827,1007.37182058272,2225.36054864375,0.162438310169447
"125",997.744058134972,1003.50689423058,2137.61716260187,0.144015795066127
"126",1005.03414322385,1012.02257148855,2192.60840602728,0.126374751133913
"127",922.235310401164,941.538175837905,1966.19970692967,0.159629614865902
"128",1003.77618436455,1007.45753585348,2196.86376873681,0.190745313385729
"129",1034.19966470397,1044.98080364098,2153.43068402568,0.213434976465027
"130",1029.9875315801,1050.11165912597,2267.43889989674,0.153457719313558
"131",1030.63553082341,1036.62593440343,2315.03526933351,0.13990678445787
"132",952.376151782174,957.473502295272,1930.38566061524,0.125388342691624
"133",1083.49879629956,1090.27222429556,2378.62157672412,0.127131237248454
"134",1022.59558593994,1030.60059960903,2245.68590041414,0.185857788378993
"135",1095.36976256451,1099.01607126311,2496.14849599551,0.181013029800742
"136",1046.21809552559,1056.1743750868,2343.59276394403,0.18205671275715
"137",1001.63377307139,1010.12569842511,2136.07543967398,0.148374321372457
"138",966.285470702487,975.879020295239,1993.79172753907,0.195113754076225
"139",979.77344828906,987.904512049701,2046.12464586357,0.109520460414642
"140",976.091080743292,988.7723009087,2102.16523435003,0.16675148538477
"141",882.674906434037,888.120703210834,1685.51479611104,0.146833821430681
"142",1005.32036553888,1018.42451687445,2152.01944341682,0.149397166507374
"143",992.419336675166,996.907243027094,2154.95676513485,0.150346498090664
"144",936.915695957682,943.180507751038,1976.21188440566,0.116755624744479
"145",949.977711235333,954.737673870097,1964.52830786076,0.164922186972689
"146",884.882471178885,896.481029901565,1844.44235069412,0.113968677430848
"147",960.518610173476,968.11358534927,2086.50506635703,0.128844383048061
"148",1012.89076270821,1018.94522468609,2247.17803899838,0.14497920915252
"149",940.317981840507,947.749970284109,1927.42456115631,0.16151659699401
"150",964.779786416138,970.719169888239,1987.67841369131,0.164728352288484
"151",1068.88815327237,1076.97202009576,2393.37747892429,0.161080963192762
"152",1051.041613864,1059.15853801164,2271.7284092344,0.167246411207311
"153",1027.82272626951,1052.02340623332,2380.2434275146,0.173453828917544
"154",1075.55412312694,1082.67983379614,2427.31242424257,0.183445483167291
"155",1028.40322527035,1033.26720865355,2229.25823210953,0.161830467353778
"156",1027.97822288783,1034.37147089192,2276.18153805054,0.191971693705658
"157",986.526369878764,995.519669147072,2197.28613115614,0.114785270594978
"158",1123.11512515044,1132.50070831323,2522.38532581078,0.214903265617467
"159",1011.61889272387,1016.99879427778,2219.06223601398,0.0810864841151586
"160",1090.6313040934,1119.39870865174,2601.94793209176,0.15022917222593
"161",1051.82014951528,1057.22033023177,2342.9860604706,0.130368092194608
"162",952.570266398064,975.373764283138,2099.94237437683,0.139600103747125
"163",1064.4249455592,1072.65151005715,2452.9453071312,0.139406870944521
"164",1017.09433756207,1024.18074966084,2164.28316753045,0.107232231394521
"165",1024.3210282471,1051.45740024769,2318.83903224814,0.117317812768248
"166",1087.095906083,1107.56681037253,2521.72329057677,0.135679753588634
"167",1026.77014070357,1041.08895492655,2275.91321684429,0.147217602444743
"168",1059.10413504354,1076.21662171799,2423.205377068,0.18089302090566
"169",1064.19061071842,1071.97727852451,2431.32574224987,0.177685013012632
"170",982.178016693437,1007.91995385167,2144.97094509049,0.207436307842067
"171",933.472027718876,939.19572082698,2021.98136103117,0.139035858889542
"172",962.379194193058,969.716402782276,2017.74068017898,0.126842548441172
"173",1041.44058916739,1048.34599695807,2270.99359872864,0.129627769828967
"174",975.658053086989,984.167747600174,1977.31387992851,0.142149912288013
"175",1000.90188411499,1014.56168421392,2248.7861235593,0.109426871578241
"176",937.236907939037,949.184894559067,1911.19595685226,0.0955945867092951
"177",975.567954446128,988.638069315801,2099.87567592582,0.159808828439321
"178",1013.93505028807,1022.70578401884,2264.05837989702,0.160671992666001
"179",946.622851409532,961.359461768507,1949.80013885205,0.183962392448206
"180",942.756102955437,951.952318787732,2097.20501307253,0.16677620377161
"181",998.450619420386,1006.7556215023,2170.33296108868,0.143399109048615
"182",1029.58849561638,1035.20958642588,2314.62419265109,0.208131526507254
"183",971.340362180406,996.211638526477,2090.13956284622,0.152779760487171
"184",996.345870979695,1007.80981069912,2231.15483298934,0.153795508590126
"185",997.890606455959,1010.46970383042,2051.5996528838,0.175634157731466
"186",996.628810277393,1006.68416014552,2135.72477370564,0.192014480998179
"187",1003.52624125547,1018.98961643157,2177.11872472575,0.152173193255756
"188",984.717181431261,993.963659884623,2224.23110817389,0.11861957590888
"189",939.979845334096,957.112684225283,2043.64794201195,0.15384068325938
"190",987.713949722009,1005.38456977073,2107.74156159603,0.192405923984004
"191",1040.18947699969,1043.98494443362,2313.70058790492,0.163495511525657
"192",1032.97500995936,1048.47335199712,2326.28642609488,0.163672431771686
"193",968.735143637695,977.977874604806,2056.48725159803,0.191725265588665
"194",966.352689045798,988.208437094926,2122.5798804966,0.176996726227563
"195",1037.41168235554,1063.24294678123,2380.87153640353,0.154891168035266
"196",994.154382342479,1000.1361670403,2063.06692236237,0.17890915692919
"197",1059.10830710473,1064.2539260982,2335.92367519627,0.132876426436733
"198",1029.9593038313,1040.5556407757,2310.40225353339,0.168279747285062
"199",964.588576937365,969.226999400121,2087.59836494148,0.163882563171546
"200",1006.76556674513,1028.16296739804,2240.93279895841,0.143058443575586
"201",999.099790240765,1008.33194827424,2234.28168037846,0.0817228165461601
"202",871.668091554041,878.088601381897,1770.70281569945,0.129403817919918
"203",946.643503137809,973.672258434162,2094.12275421001,0.155003237898571
"204",930.061719777115,939.358400936404,1988.31089100541,0.196793048247096
"205",987.523488292448,996.155555451602,2048.09997865471,0.156486814493943
"206",895.458017908516,916.830993962964,1909.9299858356,0.0758611840200682
"207",908.113799285714,928.872242780875,1856.80558752192,0.153188345687094
"208",973.636369397472,986.445612256306,2112.6860407813,0.140661344575001
"209",1003.93566794385,1024.10114618243,2346.29298254893,0.10539615487943
"210",996.749891903404,1001.71788197758,2171.15125438626,0.161551908478828
"211",1028.74773409223,1033.66121324241,2258.78469916843,0.121030086810423
"212",994.84035443731,1000.22454614841,2143.23894211314,0.166015742479432
"213",903.964825626594,912.500338334192,1802.66741454318,0.165795738206863
"214",949.778164638999,974.239798063835,1998.50066838056,0.178425275061195
"215",1014.05751498644,1020.74777104553,2349.99030053126,0.182102459493541
"216",1118.29038191015,1123.31352586432,2529.78337077594,0.197093564405457
"217",934.0351607144,956.953732380666,1925.04278966646,0.186150392269001
"218",1081.89740166786,1088.44234328976,2439.64057220589,0.165053345423916
"219",917.149569345582,925.818022948263,1973.82484820435,0.130642685968909
"220",1007.0023544546,1012.30883540562,2075.80749900586,0.148205827826384
"221",974.997952486953,980.970768183438,2104.56937465684,0.122180923299114
"222",1109.28958977042,1117.30505273372,2514.38671183509,0.105999235803236
"223",1071.04894866647,1089.98633287545,2502.55314338493,0.117361742540071
"224",1010.74161151587,1018.52510018674,2222.19623199496,0.123415517902827
"225",1014.94035300686,1034.37879064591,2264.21781893528,0.108569349030177
"226",951.928972886536,961.053541126254,2017.2564210553,0.138428777927783
"227",1078.31312152643,1091.00926496753,2448.17613924586,0.126432425884912
"228",922.305017168107,936.625348485359,1865.50158864188,0.134287940816745
"229",994.988892177884,1000.73742625621,2162.22182650648,0.182098277855369
"230",994.112578754895,1008.58554910243,2185.7844701716,0.176963450578893
"231",951.932854228193,957.127500048684,1999.8570746354,0.162792282570866
"232",975.410892450853,981.97417759332,2133.32612174465,0.119334377896496
"233",1087.9770543903,1105.6670484402,2560.85803158802,0.146285322715821
"234",864.096970273616,870.477891069253,1686.53405764651,0.165212643227127
"235",897.90276347345,902.026673417795,1872.92206597944,0.116316584904889
"236",1093.01820193038,1095.52157895862,2526.59221925158,0.152748574757085
"237",941.459582316438,966.341277443155,2084.03072884943,0.13223957385623
"238",984.401388537899,999.537646481907,2112.27160807897,0.216712685267878
"239",929.167794919831,935.052573962504,1880.797229672,0.189594562169928
"240",940.593988976278,951.192992586867,1996.11715398485,0.173198001912481
"241",1019.57251615398,1041.79075552386,2286.22249310226,0.140268831840874
"242",1036.51084457493,1042.14123383772,2182.72123841383,0.171921156275622
"243",928.118404175141,948.391005773659,2016.57923699598,0.128946317360856
"244",1008.67715801606,1034.04505094195,2270.52453697356,0.0925314365130833
"245",953.876332608587,965.646699769849,2030.77272955283,0.19713876336349
"246",1063.94108639624,1070.21761255373,2315.05902468355,0.148064846631014
"247",918.142289280235,934.853818585273,1919.92887445001,0.140474541695437
"248",918.335082689798,928.240186197594,1912.21280040354,0.144362624459686
"249",1072.2822293999,1082.61552750531,2415.15447867726,0.185224830051718
"250",1009.97524221895,1016.40160975958,2166.30290646719,0.158259382231046
"251",991.538712014126,1006.29274534442,2125.44306549266,0.125838892890728
"252",1050.53888475789,1056.665548512,2341.15799664889,0.168826148640682
"253",1003.99327198444,1015.26502696508,2219.42616145697,0.214494385482358
"254",1028.26116197819,1036.55995539012,2311.68972431877,0.141192289600207
"255",1033.54030840683,1039.74284422123,2356.1365514045,0.19131685445104
"256",938.199066378965,946.998938599369,1893.37299927711,0.158585559082046
"257",1028.21101990063,1036.97824060116,2255.47741270005,0.171346402270343
"258",1026.82713014567,1049.30293505025,2378.07837599874,0.170834251853938
"259",1010.97375034725,1021.17838474707,2218.89391730875,0.143844863428829
"260",1069.2257693692,1078.32581907029,2282.01276039445,0.150601864209397
"261",1043.61909817994,1058.00282829203,2322.64982794369,0.164560129161801
"262",899.042437897419,903.138338611278,1917.47103453513,0.146932722597709
"263",1015.79557134794,1021.83470595388,2285.02671023713,0.133290699664
"264",930.821097970769,940.596984391854,2010.95327971619,0.133031880855587
"265",984.737841811321,992.266895889514,2149.03643050012,0.135653004474212
"266",1060.86600155728,1064.91575410865,2343.45733484337,0.152825636254529
"267",946.432534745478,953.261983351818,1942.17956782341,0.109232535101547
"268",940.178279015273,946.39765933698,1977.85711680144,0.16150509875734
"269",956.479558042676,971.119810223725,2056.75733348212,0.142739231511561
"270",1036.70101473003,1049.93342245146,2315.78832498664,0.151844537572927
"271",1046.83726781592,1056.73554272425,2346.80469731318,0.112045133652609
"272",1058.33644660468,1082.09409691336,2462.70111629107,0.167554010865249
"273",1023.27309533002,1027.31496685293,2222.05100275691,0.187406334352226
"274",1013.13429340975,1024.49897953535,2176.12480305348,0.152726561809255
"275",953.680238523894,958.628974461889,2014.24511433767,0.187494231927119
"276",928.89667115217,937.463637442257,1915.23275239986,0.141681422762995
"277",1034.13407373726,1048.9756338075,2285.31044583126,0.0994143959901521
"278",978.261922630454,997.951469731302,2194.1349659962,0.189965166015325
"279",1107.82917591162,1126.98499147923,2637.81982403753,0.110994927547396
"280",1022.3299509082,1041.10400272176,2242.14681745712,0.177592391299096
"281",893.019936198902,899.507500765243,1813.08695394641,0.184243313912695
"282",963.699304863633,967.585371587027,2089.2313533306,0.196108559533287
"283",1102.7334506509,1111.49410467264,2558.27966091842,0.206317694998618
"284",1059.52054137487,1066.88139750195,2251.75666916191,0.123549486308233
"285",1069.62172284828,1081.15217302697,2318.55706744756,0.189763137852246
"286",1089.2577716608,1099.55984705394,2500.70452646805,0.187027147758236
"287",1055.49357383172,1063.11124299918,2316.59570069042,0.167554184806675
"288",1017.59179744735,1025.52347887454,2261.3754457555,0.195686632129782
"289",977.582666052711,984.521088890618,2079.97865707984,0.182725686368947
"290",1046.55840035676,1062.14847376594,2402.70101680043,0.156031252141057
"291",1056.04612865067,1067.64313314856,2463.90823701967,0.184240887780167
"292",1067.57260039101,1072.86558501134,2393.01285424398,0.145329069463911
"293",1050.1338522037,1075.56501428344,2411.36423436307,0.137017163860183
"294",992.679413657677,999.588242365749,2210.19335835038,0.0875437775500401
"295",934.103694301882,947.898430531023,2004.3316263863,0.162112072193033
"296",922.220149803329,928.111141771892,1851.93873801567,0.146817674570136
"297",951.663811602943,962.654881520633,1971.27002919177,0.12032602359495
"298",1054.31995621036,1060.02470655036,2261.60915616384,0.147581926106417
"299",927.457907652908,932.56488066037,1808.87929526411,0.128549841506428
"300",995.368948510373,1005.96114661962,2303.42893162382,0.143012721301929
"301",972.104755483299,984.23513388398,2053.96076271973,0.164425264891682
"302",1004.06881317608,1009.05887196219,2108.60521210004,0.197162854240697
"303",1017.49175470431,1027.61333306458,2205.26275458919,0.184565569801074
"304",966.146123760916,972.996209002118,2066.28287825323,0.132847277719756
"305",1008.44389201926,1021.93920182846,2198.52268173627,0.151216374616927
"306",1041.98840676333,1066.65997437099,2323.12350153826,0.155486443923125
"307",972.759851885396,984.294613648666,2090.80260173969,0.173624894244648
"308",921.938363954245,926.809702923256,1928.83959516222,0.216427991869154
"309",951.935364942316,972.473840696052,2007.89756197779,0.146734135804859
"310",1059.07344064121,1067.57676275445,2350.6612955563,0.132546307861565
"311",993.068443887871,1000.46497702303,2229.20299649889,0.108868632803476
"312",989.624863795387,1001.17209994942,2200.18046679345,0.129240661277823
"313",1000.78391980146,1007.55481344129,2098.8099533351,0.102459831258593
"314",1059.04577397293,1062.84195453597,2339.19391639723,0.171321362265538
"315",999.414810437856,1024.34724158345,2257.53644457436,0.149044971269001
"316",1027.38821954222,1031.21715098263,2230.06181885235,0.167160778740697
"317",1056.61391603527,1065.65530785318,2320.23149344259,0.159479139917758
"318",1036.20779590144,1059.20075839281,2352.37253243567,0.126479861340162
"319",1076.47282716897,1082.13496971368,2395.18226786964,0.180085360264274
"320",1094.09094471025,1102.11705367065,2378.5493104061,0.156176111643294
"321",1020.02652263933,1026.64810175948,2191.27826904522,0.112523076053993
"322",1002.11703997409,1011.82435647101,2196.25510931278,0.1288129010868
"323",1051.71101901874,1076.66957335661,2410.67781575317,0.221330543241137
"324",1013.09555148607,1017.74170224767,2203.47064634266,0.138591376482567
"325",1045.49658276317,1053.02372211032,2345.91449548882,0.147179232731688
"326",948.29855212035,954.26625386767,2000.16993774858,0.171792235185819
"327",938.020079094261,947.097753746822,2016.70318508444,0.163975237362464
"328",1048.13635219874,1056.83044346064,2356.10500697164,0.119879336881305
"329",1041.18785892164,1046.85864485661,2215.27833480946,0.217451959301096
"330",1016.0997083863,1023.29884705076,2182.25432184225,0.167537358203403
"331",978.230424221719,986.715001411979,2079.78227329225,0.0581412935177545
"332",1029.24490479568,1036.61184931162,2412.74980433913,0.134141299871592
"333",1049.2167700926,1055.01373523637,2318.92245581979,0.128496175168015
"334",964.820600644294,972.852670246924,2120.63947999329,0.129976657367397
"335",1014.78368093825,1026.785863198,2260.69139870677,0.166346332195739
"336",1070.62770969698,1079.26109769789,2480.96280594786,0.15118863871777
"337",975.671690288107,989.823654992029,2159.20877211792,0.144517496218326
"338",963.908767417365,968.576205570832,1983.31634085209,0.118867022924437
"339",1064.87154612205,1073.11750307126,2399.31571698878,0.123191325195268
"340",988.305206159154,994.737610700544,2164.44862544532,0.158374447355623
"341",990.520148985899,997.114585273272,2143.9351962746,0.153630996164968
"342",970.272551483924,974.250997982659,2023.56306443562,0.108802268467989
"343",1026.14362637227,1035.16829290716,2257.68508655568,0.113391061330158
"344",920.44325317668,926.443565073431,1799.75521709288,0.206429016247385
"345",952.749298073323,969.025998717252,1987.25979563819,0.0986622636364502
"346",950.344170177578,974.867104992395,1976.77599086739,0.12021142324832
"347",991.606102397647,998.509161596256,2149.26939865971,0.125875089979054
"348",919.164110052711,925.189546585734,1861.20451716212,0.112285413543423
"349",893.005715887789,904.805462350537,1842.38964814188,0.130845447294214
"350",982.465057603997,987.965620854735,2021.10738598179,0.119678276227511
"351",962.38274445767,975.945660825586,2045.47552798265,0.147188008777358
"352",1039.57659278733,1047.21604210207,2373.40619864701,0.181589160764323
"353",1035.63010458595,1048.13884886846,2288.61822829489,0.182072135815295
"354",1055.8949231066,1063.88302018525,2362.88609951774,0.116838040631041
"355",1015.5231864355,1037.19058755139,2324.94889773053,0.158792838989391
"356",1043.98386633104,1048.59547007062,2272.11746195079,0.184587471129798
"357",1044.00900116431,1050.97646621016,2306.26015375091,0.173648678332551
"358",972.570630812217,979.911274932084,1952.47076009585,0.176680928235315
"359",963.078804639397,968.003496466167,2023.72570791147,0.18728278860794
"360",933.591597160676,938.787241199012,1903.16059884147,0.165910072638717
"361",1016.74088499395,1032.61935697694,2205.81456259388,0.146475122898407
"362",1102.24664615593,1112.59711291672,2514.22217256972,0.182412327788364
"363",1030.62853599995,1033.62434511713,2225.7942956189,0.120935561426143
"364",994.174879699042,1020.25639970881,2160.47470579856,0.160524254569897
"365",1037.73861555475,1043.18186848599,2226.81769669036,0.149479719520186
"366",898.616779510933,911.555771342619,1865.9807535056,0.150160788531159
"367",1083.63805491238,1093.42142513833,2517.9201214741,0.137358253898478
"368",960.785248625404,966.523604259234,1995.68297458319,0.106632273603985
"369",1073.53861715997,1079.87300362733,2404.60497673189,0.0869791806582395
"370",908.292392548859,920.9341974742,1872.66220409891,0.174589338387787
"371",1076.79293690093,1082.50631506043,2456.58862594845,0.158446929277156
"372",936.247571600611,948.507947442092,1949.35399642307,0.133942509845545
"373",935.573551140562,941.002286693813,1937.16683954183,0.157493930265173
"374",1038.73710538615,1042.02004467486,2234.6738411117,0.142059275176069
"375",968.86424995219,978.036680492362,2083.96613457398,0.083458513513714
"376",962.978918352967,981.669175729945,2091.96276407207,0.144264549168554
"377",1038.48210068303,1044.66704930012,2254.92359109396,0.16266466975074
"378",1047.92644526246,1058.73878882505,2285.9437951979,0.1286357356074
"379",996.230906821872,1001.12855445906,2132.6994155154,0.124573730721782
"380",1015.00382259824,1021.03531494538,2119.47059574108,0.179411015264731
"381",976.036392679542,994.816735418393,2189.74424166895,0.113898696817205
"382",970.37548949978,995.294837842189,2220.78357958827,0.11760646708161
"383",1018.67050292635,1024.30904529133,2204.81246412881,0.144601858907369
"384",1097.97710296189,1103.66817318287,2461.64290942182,0.128805748167425
"385",897.937647321093,904.024955305326,1815.02549335997,0.146122596782655
"386",1044.08446689037,1046.9829760953,2251.52151604709,0.109640109677427
"387",908.807232140446,923.248187262778,1903.20488593075,0.11371922774219
"388",937.411673868471,944.628397287244,1914.56949190974,0.162126175117987
"389",1023.53938771921,1044.68884221404,2333.36677361533,0.109228095281713
"390",987.614687285518,991.902611731389,2239.64667701599,0.176746937312227
"391",1009.68340351621,1020.78463637125,2177.43220257503,0.153176769659503
"392",1003.42698172138,1010.90423899756,2275.56182200029,0.171344302104548
"393",994.497079173474,1001.23512344657,2192.52052768392,0.127128950321981
"394",971.107587410328,993.788987933361,2106.739636927,0.153261897447257
"395",1030.23815042058,1035.44732020741,2107.83418124507,0.141712162986498
"396",998.258983444438,1015.23856630625,2281.15306821833,0.125482736879671
"397",940.326516488116,942.908900480085,1911.65817385661,0.207264649501648
"398",1018.05408508248,1021.96162848459,2250.17941640836,0.155027435342031
"399",992.272925500039,1000.35600458513,2194.20614924162,0.140338036447269
"400",1006.46904445688,1011.12079146407,2134.2614328083,0.21543563485656
"401",1071.76137318584,1099.62309957772,2546.16619654348,0.125794815671409
"402",1030.29189010711,1039.44740632202,2251.85307990685,0.155236140519888
"403",1085.97709013616,1087.89825718572,2502.32242090747,0.166119745701623
"404",926.539603923488,932.197314611414,1973.0598851122,0.123002530227085
"405",954.25488796244,974.591039723608,2057.47393094697,0.202237097492245
"406",953.494742476903,976.446367446978,2060.57026999876,0.143513393914963
"407",1017.73501731574,1023.41487111912,2083.33035025827,0.185550722550382
"408",940.851328768487,965.521391351203,2053.59986106005,0.132216062070039
"409",1025.36343784859,1032.28098688993,2447.31763201381,0.126011691353284
"410",1041.04583967654,1056.46027142249,2325.44038949701,0.151624818694001
"411",989.72099139598,996.748042270862,2079.40737887392,0.14248077699879
"412",1037.40899413877,1045.14733747393,2238.94746968613,0.130589816579066
"413",1011.12119183,1019.70375241242,2274.59206033716,0.0921146329949318
"414",1004.48543774136,1016.53922952765,2157.38865915089,0.182306076324514
"415",1047.67476040956,1053.06821158447,2273.12709178219,0.105748927583727
"416",1107.91099984613,1113.00168022805,2523.95713968291,0.131158519052215
"417",1041.20193743395,1048.89502379562,2303.30389812205,0.170247739072851
"418",1075.67649220663,1088.08247341264,2436.41561884331,0.155573003266027
"419",938.757557152833,945.8663503635,1857.21266771852,0.190121300744031
"420",979.968931434423,990.740729687735,2144.03456424383,0.124575490724865
"421",967.345907668169,971.272982072506,2086.01422720219,0.0997707400928595
"422",951.429678704284,964.433827553089,1994.29963234375,0.136794009887035
"423",972.78688212862,985.31104753651,2153.51270765739,0.0984839575615771
"424",974.473043262095,986.0322483589,2133.29741657727,0.122347583648538
"425",1083.70343919581,1090.5021592683,2385.49141961067,0.14414079254154
"426",937.303177093433,958.003019423628,2026.19393893163,0.121209304623773
"427",1013.38118602739,1020.94594090333,2213.95008233789,0.143635118790981
"428",1018.68557548881,1028.16603172,2214.5408345865,0.148327334296747
"429",995.135539209362,1000.82387181256,2074.49449125881,0.164965089527909
"430",931.046800425655,938.240993561873,1991.47235175344,0.154705997249599
"431",962.906324856904,969.195685426642,2087.57638907087,0.111892036149478
"432",959.367252946667,983.39030691027,2080.0909269428,0.191337590638199
"433",971.776183855196,997.46599902839,2186.10349188308,0.143527222998048
"434",1044.60564860998,1045.33986904077,2267.58949913302,0.204456009126892
"435",1022.99957790436,1036.70071644727,2207.57364905918,0.162021692333143
"436",1073.21420242634,1080.64189186751,2408.08001227254,0.14013337806771
"437",930.463239541202,941.123320481252,2055.6633221445,0.113844269798292
"438",968.316590837022,982.179399924863,2078.4101558709,0.118258662417162
"439",1078.01121642232,1105.98014189202,2452.86317548672,0.0910998033135784
"440",958.872598048816,965.070694704661,2032.85020347954,0.084546317198296
"441",1022.39218649857,1034.70065054401,2261.4373837888,0.204920370679081
"442",896.191820104549,918.559381279222,1830.06764429067,0.124814265565058
"443",946.996378816707,953.728220925882,2119.47450636533,0.113665313274913
"444",896.558167597835,904.459034257262,1892.39393508329,0.136311126470752
"445",987.760428934285,995.937908482775,2097.42915713894,0.169810383686845
"446",1174.64454572307,1186.34698116397,2846.06020669979,0.130668230815967
"447",943.405146787509,952.882003939297,1916.44640771811,0.148870280785417
"448",1053.39560154918,1059.14395408176,2313.6160133229,0.144983055060483
"449",1012.06232632645,1018.01066401553,2272.50906967444,0.151812643247597
"450",1069.08263332792,1090.79040841687,2469.28667653817,0.168343042000866
"451",1019.80692561088,1034.62731346831,2181.33026994347,0.187160800270644
"452",1089.04538630977,1090.49678685295,2493.26994477986,0.166303735680122
"453",987.268247200587,996.50274643241,2117.93733916016,0.0926496751583638
"454",931.572248385888,951.685675553752,1977.06340665267,0.185345518946343
"455",902.967925586603,908.316946243491,1837.32207518307,0.127991066971511
"456",940.548942309617,962.277225334049,2035.85558784429,0.13109470297498
"457",979.822281422997,994.278364836767,2150.19587077881,0.164125715576267
"458",944.052939495726,948.965067848554,1991.56069890195,0.137041753996957
"459",1128.43425654142,1139.03906583186,2578.28775274802,0.137004812765666
"460",1050.7621868393,1060.44425211355,2325.18106406631,0.159048566770487
"461",992.889035325154,1002.77661894351,2092.54399753431,0.0954142005854177
"462",954.506354234408,965.366669568559,2006.01829318294,0.0994456104212973
"463",967.912768564302,974.738843187774,2130.5130742718,0.131486256918417
"464",1049.79198648961,1076.64513602935,2456.94179507267,0.133777980606594
"465",1076.32875267621,1081.98848203202,2414.05107827267,0.151411746802886
"466",987.858527392743,1013.80088225746,2182.33308612375,0.0969766091347706
"467",994.872418198947,1019.72882283088,2295.63206171893,0.125675619984276
"468",987.248867163146,995.477189582154,2141.65596920699,0.171472507169275
"469",1034.16674258064,1046.48456718694,2284.03923206736,0.113872246358581
"470",1053.8247157818,1061.45172973946,2277.44986213856,0.190570531028228
"471",1071.10099850861,1080.08624628721,2377.49399691015,0.176166118921976
"472",1032.27490615013,1037.80938503778,2167.88443449931,0.152938839768532
"473",1081.20272617337,1086.84353888615,2476.10647032862,0.167686155288999
"474",1075.10501872471,1083.35167602136,2509.32805997293,0.120115837761784
"475",956.770021310694,962.109928383538,2042.09559705871,0.155260745394022
"476",948.973562590997,954.072078829454,1984.00500843579,0.194566811761073
"477",965.942772781186,971.251039383574,2037.60670820587,0.176791898577837
"478",1061.99173756214,1066.14965698195,2363.9558176511,0.19549554100739
"479",971.366333041198,977.520221455792,2086.7870805129,0.146679541275518
"480",1050.20173733431,1062.44120683974,2370.26472399953,0.17698391091215
"481",953.856391615493,959.426065870441,1921.77456232709,0.161072315048808
"482",973.84311952727,986.134283511592,2081.46169256193,0.174354165268664
"483",969.478268649642,978.222845753743,2079.91626496353,0.0972296499048625
"484",1027.13280019981,1047.77531928731,2360.87028966528,0.168829299993567
"485",1005.54328383737,1012.15525400271,2157.10643007873,0.132207326587905
"486",903.314387770685,924.433185967129,1910.75272471936,0.167677922596238
"487",970.372588458717,993.304410696848,2183.02561238665,0.138772356869527
"488",998.701149287302,1003.19583298629,2191.53602144474,0.151532725768255
"489",1061.9011700058,1070.53610584306,2485.08911032718,0.116878515418424
"490",1001.36710027928,1011.9336118745,2223.15842011231,0.143857745654496
"491",927.224906303259,947.340540983186,1870.10522309853,0.155454124998026
"492",958.951895854201,967.546382996005,2070.82896640284,0.149349321247252
"493",1023.74130320952,1046.75972549575,2338.39139634524,0.135062486247625
"494",1011.78905829964,1038.43242093336,2225.26005120495,0.147442880435596
"495",1029.87425733171,1051.23886974355,2377.1718009115,0.136671202763005
"496",1023.10885667974,1031.52909866958,2245.44234989792,0.123792462299795
"497",947.459867034552,956.098103503316,2094.77512230378,0.145591169477813
"498",1054.86533395894,1060.01649686421,2371.20207941969,0.213139911197787
"499",1012.82747550273,1019.75584920809,2251.87613525306,0.156919499962932
"500",1022.86340768284,1032.71388961765,2256.32437051494,0.169627111912389
"501",1049.6909423347,1055.40676811157,2365.71771260317,0.162613176567058
"502",1001.95814231331,1010.81107478466,2152.83956167881,0.175823052606988
"503",910.755496458641,922.067020364895,1886.83291383367,0.101861141049461
"504",978.495267611472,984.936452213239,2135.68126423193,0.165656977539102
"505",936.303363503177,941.837548679645,1961.25605637255,0.117920569728669
"506",1050.69643942088,1064.01212321276,2463.2673351973,0.173686809303246
"507",975.553612556074,985.848074255281,2085.13981100166,0.167426928888364
"508",1015.77077097802,1035.77514957454,2217.09173963687,0.130404230717058
"509",1069.16237806486,1076.92734351104,2391.49842854392,0.123731609644318
"510",989.881790349309,998.303852755343,2138.40398325747,0.111101122626114
"511",1032.92804256968,1037.44073136066,2313.8055923811,0.169220920013531
"512",917.073505187583,938.075859459493,2022.32014246893,0.148144383764051
"513",961.037523717858,968.989379138504,2041.88587989592,0.136279253392408
"514",1006.46176209879,1017.44636445428,2218.82423171966,0.164179224453001
"515",1044.67195925016,1052.49200533054,2290.79182372538,0.149193965512569
"516",949.361661954759,958.401651984065,1910.67301701049,0.0972281156160605
"517",932.905036864918,942.341640638666,1969.11920175333,0.116236389455447
"518",1009.66674773424,1016.95823878408,2232.95443563751,0.115712734663464
"519",967.339243384591,984.295012012159,2024.83166763129,0.141046001786264
"520",994.519618834503,999.080654182675,2097.00874452403,0.154125852015032
"521",956.842520403911,964.60656823702,2142.09123544579,0.164972630302165
"522",985.600186560242,990.101286856426,2154.05904146459,0.161421956864213
"523",1022.09408158758,1027.49314084713,2208.71356803081,0.123345453005946
"524",936.719925351566,943.826700295575,1995.86866827242,0.133498038952063
"525",968.008454790967,974.881361956869,2047.78111353495,0.19061886740327
"526",1045.39041289199,1046.75883733286,2167.34785027878,0.165307132542753
"527",1006.53198383302,1009.6567175454,2119.6744257269,0.156052427111695
"528",1038.8033189226,1043.7097154105,2313.55941517085,0.161306659594287
"529",979.756821764057,987.320333690094,2100.38322461117,0.149061121992925
"530",1032.69435878434,1046.34284733149,2366.77368968527,0.105875194277905
"531",971.505315896318,993.672439075539,2137.79947774323,0.128599255508105
"532",977.294042227997,983.874094199948,2090.83233959322,0.0874112155176029
"533",995.033897433848,1002.71557499193,2103.39270711128,0.134856546201351
"534",1063.73545305999,1068.78474481641,2375.17533528912,0.123472081963671
"535",954.668917139155,962.115393562915,2087.85940550231,0.170994513828103
"536",1030.03950892992,1037.3384971045,2201.09281238399,0.140938822014028
"537",991.719087620932,1000.57018080636,2107.74417528825,0.158194608544048
"538",1099.24344096561,1109.10762548338,2537.3562830751,0.182398472276244
"539",1105.88162256327,1126.95196906796,2526.3886669947,0.136881327261116
"540",1031.66316144856,1043.39222435425,2405.30998916994,0.14101912948042
"541",932.574894948573,938.85963686838,2016.79350315219,0.199795296522153
"542",920.101660645402,945.055299975318,1929.64206136117,0.144820538164608
"543",1015.03619814822,1021.58419874538,2216.28322487328,0.136371816711995
"544",1043.39556509261,1069.69834292622,2371.44709820922,0.160774135600743
"545",890.926691264852,896.608395674084,1797.76967385206,0.10472790158311
"546",970.451388326497,995.693075218819,2212.55492348044,0.153473069098635
"547",979.266894104142,985.180480778526,2109.15313691355,0.132205820519588
"548",939.804621664253,947.251923161093,2020.56391661137,0.144263376835468
"549",1015.05501556703,1019.38355568858,2258.27891867369,0.16137840037049
"550",1033.23332008682,1040.34615429812,2188.3103146537,0.155834122673306
"551",995.884658492357,1003.98659395537,2209.73488491304,0.134325499819083
"552",1046.23895051352,1072.88732130392,2355.18628767133,0.186157669905041
"553",1035.75195305925,1042.0280620019,2257.61841966556,0.165250130443586
"554",1006.93134934717,1014.47513391414,2176.1046904548,0.147858158304636
"555",1052.26082199615,1060.77507806651,2414.42720885118,0.139193491661671
"556",1033.53755518311,1040.78622212861,2400.23687776923,0.160297984622299
"557",995.67728106801,998.809539664838,2122.2774524109,0.212433383297598
"558",1062.94236190547,1072.55867310088,2460.68706594466,0.158619202084619
"559",881.545666199468,890.228847289344,1837.69159241422,0.150467862399891
"560",1019.65370483986,1023.89986506387,2244.32945035668,0.126219233475244
"561",995.903015737241,1023.41277872729,2286.47285646992,0.167027434590496
"562",1002.86383656136,1007.49096370617,2156.19144754704,0.194658470028826
"563",964.182754798794,987.005050161794,2034.76332510393,0.151984705205799
"564",1004.71688142208,1010.22853073076,2117.50573783798,0.118188453254145
"565",991.783829309988,997.957831166345,2182.85519711716,0.14041408468355
"566",1035.98159030645,1059.07147446477,2321.31909125649,0.174720832887595
"567",1003.53674826146,1010.56624066473,2172.93412910587,0.114480444459007
"568",924.86245100377,938.555297470702,1864.32323990258,0.121305767674879
"569",959.298506894412,967.232318158923,2056.20000825151,0.179937294057055
"570",1024.00096379673,1033.07907586082,2220.74525985322,0.123767713330991
"571",1052.78464031811,1059.15393118927,2469.6057812116,0.167785544259939
"572",1000.73909717498,1023.65147423038,2297.6292627169,0.124306160435166
"573",992.839760944042,1014.59579227443,2195.24702054921,0.141514063522019
"574",1018.74614465037,1041.58067074808,2309.326340427,0.138539273916838
"575",1036.58264348464,1044.84418891496,2281.59185297341,0.114669854652959
"576",1036.66369685311,1042.45195651147,2367.08107764402,0.131711850554197
"577",1080.07222203971,1085.04844567883,2442.79917612044,0.142622563812138
"578",905.206499088316,924.102871939998,1923.12921246835,0.170714417198764
"579",987.410756054686,991.683685975804,2100.96616387326,0.158856254549389
"580",966.29791994684,971.614174930324,2029.73248028221,0.185105856486421
"581",937.757916804034,944.860585625622,1962.68722385409,0.144205618661203
"582",1016.81190607818,1033.30933268754,2217.89088660902,0.154374726655525
"583",1091.71395227536,1102.40892373771,2509.10194584585,0.189744738787023
"584",1030.24378757579,1036.43228343774,2289.89045104809,0.199544853918287
"585",1006.13792271396,1029.58043636806,2233.55574405598,0.10878251042433
"586",1015.93011474758,1024.33288752294,2177.29898643004,0.202792415688039
"587",1077.57550632312,1097.11826322136,2467.33302184501,0.132333394861646
"588",1043.82312120244,1052.81416839347,2452.60907967068,0.216266922055836
"589",986.140606673488,991.403743880681,2095.84721071477,0.121713673041884
"590",1042.63701795371,1068.25215144466,2348.73105085265,0.161066351734829
"591",977.940479013475,985.561361223091,2106.9947858972,0.094676016197514
"592",1027.27881551619,1033.74281395269,2254.8028091583,0.132177828379629
"593",889.526333874084,898.662021837976,1819.48430404305,0.116591564541313
"594",1005.82871838616,1015.64326105747,2220.97421407908,0.194646113661542
"595",890.014199081953,894.803273592246,1762.95982704147,0.156457180479819
"596",1071.78094566776,1081.83519741656,2324.68019361629,0.161557644738415
"597",996.048136336268,1002.11091360059,2105.5879641808,0.150733277155789
"598",1010.45241071197,1024.46903011451,2266.15333476817,0.152740741590552
"599",1138.96292281208,1147.70470280173,2772.95191688121,0.115179750350536
"600",989.831036324432,1013.86173821226,2156.48676278632,0.158926681633116
"601",1067.76241944306,1075.540035538,2357.41765743677,0.185763012627661
"602",1036.05832176107,1040.16150943535,2321.15098314235,0.164175426112336
"603",930.963746740553,933.846045036003,2011.8639985938,0.167082340336036
"604",973.645470289793,981.028595622785,2061.77320856445,0.116279420145268
"605",1009.70779633874,1015.86872292508,2187.11410588536,0.168916490655261
"606",1012.33454232565,1019.04188884926,2116.70195791511,0.159216109850056
"607",960.213288269153,967.98511024619,2036.45736004006,0.113568801297476
"608",1012.93825061981,1018.68089520934,2217.28833719912,0.126892281105132
"609",1031.49789076639,1046.86651011471,2276.51766208216,0.174572713949818
"610",960.622382291918,972.700275994229,2000.17804129225,0.151907643849662
"611",1086.95375127608,1095.30418013886,2414.90507102717,0.131621035326047
"612",996.314301801275,1004.0364761462,2164.26208515459,0.0978175149194854
"613",1095.37782785065,1104.07310299257,2465.9634950003,0.148935879875456
"614",1031.45415079089,1043.10818671348,2382.78940753785,0.134352293766337
"615",961.831361687066,969.522887726484,2105.99103105406,0.107436437815889
"616",952.332930573319,955.882684600575,1964.64859683787,0.177238698105555
"617",891.591626433061,895.449351178751,1773.26674507517,0.183873388753583
"618",1048.27961376272,1052.38181318686,2336.57721235809,0.143171630422343
"619",1054.15488104113,1071.26084635752,2356.68495062012,0.177710987795957
"620",1019.982274357,1042.25746656578,2337.8165680525,0.155955606725517
"621",1069.857963773,1091.09747462561,2402.94758461345,0.159686072059564
"622",1021.55693229486,1032.60564203211,2325.10283243543,0.175680421162416
"623",971.89325116439,987.307627139866,2176.16314322701,0.112483283511549
"624",977.785442546065,984.952426293872,2038.06306952579,0.144943418242421
"625",941.876472984141,966.530747602282,1966.77952456716,0.0868152779990989
"626",1154.48458532258,1160.72517945604,2622.87413018618,0.12190137550106
"627",975.540582486071,981.458416286076,2049.72550091441,0.130714112248282
"628",1045.58534248864,1071.59544280425,2408.24866078053,0.119887491818443
"629",981.167854573165,989.995894857478,2042.40230098976,0.11800291467326
"630",1049.94833340517,1054.17088570496,2296.50007625754,0.131882267582565
"631",1072.83620896832,1077.73894305259,2424.83506685449,0.196148022462022
"632",939.393977775224,942.040984948281,1833.89239961495,0.149131387113209
"633",977.352787402771,984.448284295066,2114.95481125689,0.110993026359389
"634",1013.87065548183,1019.69623675511,2290.6041664233,0.155278588108925
"635",1035.23604285116,1042.08952903252,2339.6316142164,0.166593887002646
"636",1038.97595976347,1065.22317982378,2477.77688892684,0.173252782296947
"637",1039.81590553494,1044.92562869558,2372.63974217384,0.109596654637289
"638",982.573009022087,995.217736158234,2026.07763367782,0.13612403869852
"639",979.903508723547,983.410082188088,2066.10439316674,0.155060607877204
"640",1033.73345626224,1058.03969850659,2413.61209678716,0.126658052910694
"641",1001.73884166663,1008.29246587706,2171.74927527491,0.141865332417975
"642",1037.57269075225,1065.09385217304,2418.40213408568,0.0397394823665081
"643",1044.6082353565,1053.21671720126,2375.22780716531,0.133129196531668
"644",1008.64715425864,1015.00909332919,2174.5380565977,0.1807291575343
"645",1089.3461817041,1093.39642257751,2506.20835832503,0.139383471451895
"646",1058.45565126928,1071.70984142574,2456.62263181774,0.0879833899150551
"647",934.811419789812,946.671190111252,1937.52585909332,0.184804529249683
"648",990.735982085717,1002.98538575172,2178.69874989126,0.142807252801801
"649",1117.64341652607,1126.58649406825,2613.40972519936,0.158806273332283
"650",992.430008434249,1001.60098074938,2172.38299970886,0.182237163388405
"651",1009.02275051984,1032.17947478239,2268.03682714651,0.163764666501852
"652",1059.83620504691,1067.10166677679,2287.38225084202,0.124298694691521
"653",999.976277220923,1013.79174211402,2130.34884528415,0.209602019505344
"654",1015.07647232496,1021.23363760492,2223.23736279866,0.21417650473913
"655",996.650943707399,1009.12236105334,2162.94625415497,0.186220803113306
"656",928.957510643805,945.939248655677,1982.28947518536,0.127782498712563
"657",968.695915226411,987.222190303213,2133.57263609862,0.0941850299429076
"658",1051.38530744033,1055.05458556237,2272.44396100796,0.187823260692953
"659",992.479789600391,995.617011921354,2122.25577527768,0.171905241401322
"660",1134.55422735262,1143.82283677119,2533.44361506404,0.0902463226652624
"661",1023.89753005852,1035.1800731808,2176.83992428874,0.143587343536507
"662",1074.61208559332,1079.4921631525,2364.69153405535,0.155289586313086
"663",1010.13186140961,1032.71610152497,2160.29535323773,0.175575360019036
"664",954.739698634216,958.676285501701,2041.42133230311,0.169734111830507
"665",1010.16145586832,1031.53557796597,2109.51876531185,0.122410971237531
"666",1122.64618884905,1131.53580648174,2577.92458046825,0.152379793741451
"667",1061.67603086256,1067.57695603365,2335.77381186748,0.129875483750174
"668",1080.32179964339,1088.74885079577,2557.51833784957,0.164520276553824
"669",957.112151224208,966.321168965549,1970.0007397939,0.145955683416888
"670",1032.86592119615,1038.18232489128,2218.73283954092,0.204961123890948
"671",1015.75876634055,1020.39661162151,2224.45146620367,0.13113357435872
"672",941.155190434146,955.300562784022,1909.66397587359,0.142249814894378
"673",936.654021251993,939.671673221928,1961.1618629408,0.13447519385163
"674",1040.56365545351,1041.70241907323,2219.91063370985,0.188478503526755
"675",984.953358001547,985.572167025225,2053.85432760267,0.198739810595853
"676",1061.04362727079,1070.60807377365,2536.51820650379,0.186574970953949
"677",1036.77795243844,1047.67166486495,2322.70424319582,0.171327237946003
"678",983.024923806219,1000.97160914432,2220.68328390013,0.144118276461325
"679",1025.67287882339,1034.19434641866,2330.17000692974,0.180642714697555
"680",904.177536079516,911.907100433388,1801.05638133503,0.22505490908525
"681",979.86835355509,984.745234643168,1991.41617531623,0.106762363125748
"682",945.414308116579,966.115211760578,2055.75220477518,0.0989440643631027
"683",1033.8603903157,1052.77329283466,2276.41369927136,0.143609749277167
"684",997.539941503952,1016.81553185909,2213.60841498601,0.144865872965005
"685",981.320318091831,1003.24091929046,2165.4185771124,0.13566806654363
"686",984.832944264762,986.699322072557,2186.27955152792,0.0996273139358704
"687",995.777431415056,1002.31484524867,2160.49930663124,0.120484478249119
"688",1004.16625357649,1009.06451071614,2165.95260304575,0.1391172312162
"689",978.866485260713,988.479606506034,2176.9908041552,0.152631866027665
"690",948.333123823761,962.841900360124,1953.24404254816,0.160133720082581
"691",1032.63972172003,1045.62529830491,2447.36180647438,0.0896492735496859
"692",1003.48444128856,1010.71898043567,2319.54344857707,0.102795896538977
"693",918.999778739481,928.175063270175,1945.52147126164,0.166139209378585
"694",1005.09448342537,1022.8728722265,2326.19712548962,0.136758071237628
"695",1184.23035581292,1196.2148154638,2858.76422299588,0.104299900796034
"696",1032.71730439419,1037.24824712127,2148.62320045804,0.142267701292885
"697",1015.78305322364,1021.8401835149,2198.79210470534,0.144557789169761
"698",946.013190430736,951.721496565708,2016.24453836226,0.180628767682827
"699",1039.40872671076,1044.23053461933,2248.5395184299,0.173187298845349
"700",1023.5360258975,1031.07943376844,2234.51611811166,0.142426137660998
"701",1016.27452496881,1025.58847560204,2127.03321390359,0.155789469877293
"702",996.276206418104,1012.04596054285,2154.05745505112,0.192224475536859
"703",997.656200113244,1001.72731471427,2130.29343909587,0.154634099041678
"704",1017.86979984213,1028.98708259888,2285.43221023574,0.184591376263122
"705",1083.22696640449,1089.84157627619,2366.95691524425,0.126608321248252
"706",1009.57016972297,1016.7038987216,2133.0870188731,0.128468272517286
"707",1019.74004372598,1043.58316890423,2248.10668392544,0.163080312803928
"708",1038.55615432483,1051.02586928531,2352.97377691852,0.177692564388325
"709",1052.27893365388,1061.0817199823,2342.55799438776,0.164373296662196
"710",956.486945447414,966.83179864355,2011.66366221437,0.142440164616801
"711",1033.73136050413,1038.75486439931,2216.36192760197,0.149619453822255
"712",970.41891399507,979.987783138003,2079.09544305346,0.112890481991262
"713",1027.6377709354,1032.80852609639,2134.30330440829,0.143651676261182
"714",937.699593090973,944.368670082,2038.78083699523,0.136025682125866
"715",954.619761046139,975.1409960972,2151.53731742937,0.184663694482247
"716",1096.22066891817,1101.13838612948,2402.3832711039,0.142566035576797
"717",995.431004473701,1004.36489471417,2143.09508519639,0.101922309817536
"718",1011.30944636208,1019.80928963717,2217.45420174217,0.120231099328186
"719",876.866587681853,882.031512443841,1794.88098123159,0.145454831632007
"720",994.308010927346,1002.59447744721,2257.32458041886,0.143736185078484
"721",1050.65727323585,1055.52222454616,2350.9039704111,0.193163301663512
"722",978.533875647683,988.60360835414,2156.38641775232,0.167167774123555
"723",940.839487091447,947.21259082391,1892.63755818114,0.125253354167555
"724",1038.95171054504,1047.0489446816,2357.96417416434,0.138876562952213
"725",973.780627611526,984.519198987432,2128.77805030298,0.168942581667692
"726",977.293656406751,986.371785983203,2173.28927146141,0.170537710954135
"727",1055.44977807124,1061.18289399577,2352.46115641093,0.169429955081646
"728",971.983327099557,981.201792699906,2027.90685892396,0.116070393500631
"729",906.240771167012,919.452580475271,1821.41104207581,0.105848399965758
"730",952.47199865258,974.982314473913,2137.65101228138,0.201013056561597
"731",1037.07509572017,1044.70366325704,2285.91985337397,0.130309933355325
"732",911.173746858582,917.17811196765,1853.03191026169,0.144499011986579
"733",1004.00317938066,1012.93924065298,2211.73688728402,0.130274795135264
"734",958.3796933387,967.982381130305,2013.00067351997,0.175275578206804
"735",1047.27311820071,1052.75919591422,2399.2034997926,0.155695403551027
"736",1111.16660911994,1118.17703510017,2594.01372607332,0.10677421264032
"737",1016.15889321405,1025.57395795102,2206.48521672106,0.107935753917397
"738",1027.57624190887,1030.58727827813,2288.49152296101,0.177670497862204
"739",1010.33003864602,1013.90794834466,2115.68897343476,0.156635536232073
"740",997.417817807874,1004.75824464508,2121.98010376029,0.181870256231317
"741",938.794405044441,945.018621836049,1881.87158222156,0.1532045282031
"742",1004.80181048142,1010.17837042233,2140.07160701625,0.160588195097587
"743",972.74198851586,983.630170119226,2069.82907176519,0.11689422020263
"744",894.349688025852,896.62390629099,1801.39553784115,0.125875853810555
"745",951.971568563532,959.938452473648,2093.04511757851,0.159065452010671
"746",1003.54349824391,1013.52432220502,2199.22668118307,0.210637655832533
"747",1002.68530035337,1013.47984995076,2229.5468897962,0.110372549053176
"748",1048.62243631933,1052.71961176453,2262.26782091302,0.158214657843443
"749",1022.99479150576,1033.04591888837,2141.0964558494,0.141288534655108
"750",1020.90886944725,1033.39420767637,2215.16044726712,0.178131401033043
"751",949.249162901885,956.512935295258,1967.62440925384,0.202587106171969
"752",992.820853029493,1016.54299868236,2185.76842969938,0.109091716659129
"753",989.704378838681,1010.13912933875,2195.55923040351,0.1740865485788
"754",1064.88788945964,1072.16970148354,2415.73397661283,0.142961453064729
"755",970.277312696422,978.9285039599,2091.93888791776,0.129756815232604
"756",1051.91364638629,1067.26109686917,2353.9109440812,0.142917375327351
"757",1008.98338811659,1033.97918790632,2380.46387776556,0.199327000896559
"758",1069.78408813465,1078.05338928464,2344.33230023296,0.164663076922792
"759",1014.81620459506,1021.96833661352,2138.21610089069,0.169370779980659
"760",979.956893653727,991.773877993224,2150.24545726387,0.160969270937101
"761",954.473322286028,959.527270165522,2009.20831328152,0.162715976603553
"762",1050.06260454065,1056.57173801463,2288.09738678608,0.112130641749222
"763",932.720129468612,937.571653186653,1850.4365364566,0.195448187974356
"764",1060.09767733698,1070.46817339612,2393.69679024995,0.136641119832121
"765",942.870203264789,948.858561945757,1931.38129545779,0.162202836304972
"766",984.228891560229,1004.84916721668,2131.21731544202,0.0945509918992834
"767",1030.64862184397,1038.85822339493,2301.01957179048,0.142949885374478
"768",954.924386006488,960.0451797311,1990.45461291079,0.134414076233158
"769",1001.8429681914,1009.32538474844,2187.22235743599,0.125937490496594
"770",968.830260235434,978.985287443611,1002.51438485863,0.091394768705649
"771",1013.31273404817,1018.21324429275,2178.14238328286,0.137266414856452
"772",923.844730815382,946.160349183436,2047.23536306874,0.135310910313029
"773",926.996454608959,930.553624447783,1873.83176420339,0.130969123150568
"774",967.847932791981,984.301608957016,2135.27652141837,0.126600029464732
"775",1027.80884109489,1045.00725300674,2321.45574021134,0.133314315772144
"776",1053.84688707906,1060.62348385918,2373.09491274733,0.20769560820105
"777",995.37009801129,1007.00408674199,2141.99895083638,0.117471653102149
"778",980.470782805714,988.726937395188,2071.31717663586,0.126862894424288
"779",987.734068427827,996.372959078135,2022.6433691806,0.202823060911117
"780",1036.6435064836,1040.80170041482,2229.36058848081,0.115301859460288
"781",1016.73412215092,1024.59209991097,2170.99999161668,0.115021919937596
"782",943.740807936346,947.931012452859,1927.85040308743,0.13348408956607
"783",1118.20894934958,1124.78877270735,2561.72005617053,0.128943914903708
"784",956.536388610771,966.468431111369,2136.77111806202,0.10596632265537
"785",1013.43040172072,1020.42615954419,2197.58811264855,0.131220668688483
"786",1089.63695699889,1100.056771945,2418.61041839534,0.123953303132109
"787",972.117806271971,978.10045508566,2022.73184715726,0.131823508296973
"788",1044.52125154252,1065.8131755695,2460.74203058832,0.182867687056497
"789",907.506169592225,912.420575195766,1824.79791180935,0.104088375675039
"790",954.779769164311,961.226574550295,1990.65837716936,0.150519619096094
"791",1005.33702920334,1010.89882634136,2120.63944608938,0.118547331164493
"792",944.352106279149,953.547064559376,1915.17093830716,0.159551980875547
"793",999.949985274788,1006.0540005354,2078.66130433251,0.178105896796791
"794",1032.94600140063,1040.34271173462,2323.28556238119,0.154150065334362
"795",983.876072223994,991.044551465583,2108.55422899024,0.11209594894672
"796",936.791437712547,961.812639459079,2087.46304287065,0.125813493022532
"797",1032.34701608396,1041.36096023214,2251.91566691581,0.0947694565106645
"798",924.682593179037,935.676390732206,1880.5894149011,0.113397420871367
"799",1001.06014471555,1009.08178624421,2159.0107776865,0.144923128472305
"800",966.097575882705,971.420935605591,2056.11008145632,0.186251406943828
"801",1032.77118738918,1037.87009744132,2263.10473240367,0.148692748947279
"802",968.693937998972,982.84596777426,2079.00023083196,0.145924063025603
"803",933.059779578436,938.985739041114,1860.08497572618,0.187104031510893
"804",973.235287886729,977.658596313958,1991.23952868483,0.145192595014781
"805",933.73052874477,941.630184977041,1895.40646282139,0.172112648697099
"806",1038.78709269576,1053.54395584108,2234.32704259146,0.151377579339802
"807",989.834886257346,999.155241697258,2117.41955443313,0.1867326837401
"808",1029.04769355905,1034.25896963184,2210.74034641439,0.223388395031293
"809",1007.30062703005,1012.66521564485,2191.75672285369,0.15322045506585
"810",941.116180491552,952.81255016029,2010.01030127841,0.163678718700041
"811",1032.59141217675,1039.73163950014,2238.51838123804,0.168949044046185
"812",1003.46273474502,1007.67074756946,2146.79026415709,0.159206739492003
"813",1016.40144176593,1023.15665422004,2301.06353167913,0.131170393815346
"814",1000.4227045908,1006.23551094475,2181.83561859225,0.138020914737096
"815",1021.63725935238,1025.71948979946,2130.85797250588,0.16793921003304
"816",953.097806530214,968.906912837861,2050.39110543174,0.123585205528389
"817",1013.90107155951,1039.39194829058,2265.1640222127,0.154804280838861
"818",987.78640610896,1000.54230261706,2188.22520991005,0.132599184350839
"819",1059.54907868385,1065.80521750872,2344.07801157725,0.121688036196208
"820",977.403670314449,995.326292152351,2102.97551730589,0.181711504711788
"821",1053.76453402977,1071.32275915665,2352.64137707124,0.169665737612204
"822",1006.33902764629,1012.00660606871,2206.63629286338,0.154636155004804
"823",1071.27490304335,1077.53339974509,2410.13554577445,0.183790299767262
"824",1044.73756573988,1054.87780358393,2336.02348217887,0.191542565958459
"825",973.488746661624,979.84460705948,2077.24178809146,0.161236257364802
"826",970.962177760653,978.111487512788,2157.93490608684,0.114231256019865
"827",1004.75573146111,1017.15995712944,2205.15252924954,0.111976104169552
"828",901.412255406613,905.356648652306,1755.09373076659,0.17824915361895
"829",1023.4803004513,1031.0422041577,2132.6541702959,0.185989295638441
"830",1021.42415724497,1026.04099510695,2157.99886707063,0.13627236922987
"831",1007.37033520542,1013.54225465975,2149.53441309908,0.131028162082693
"832",919.872883925866,930.127867466351,1921.3331214355,0.147856402414257
"833",1139.26660508862,1147.19999096734,2702.82267859253,0.118697189940121
"834",1000.74470759452,1007.52401972325,2192.95159628188,0.130029516640946
"835",988.164944688764,995.70362451664,2170.80993169915,0.131105951030929
"836",1040.1969127463,1043.99494410467,2324.03212356236,0.171703754328319
"837",1015.85793978212,1025.68154927491,2169.50942791054,0.174789172483146
"838",999.589337207304,1011.03528295247,2114.61909399273,0.117649289029436
"839",1010.9583719621,1016.54179599794,2250.27382895293,0.162280988702656
"840",997.198658980844,1011.51315850767,2136.37908857734,0.21530565837774
"841",1093.96575769198,1098.85604207651,2527.89401251883,0.134372807669162
"842",1033.15745834383,1040.27401201496,2352.15090709132,0.0875557909357908
"843",1036.63629345512,1044.26569407421,2244.28442301703,0.125230905743693
"844",971.422696208384,985.423994240083,2029.98561290618,0.152196115312276
"845",903.586076017705,912.946091780481,1914.27199158969,0.159250232850256
"846",968.390528934788,976.510632493516,1980.13123796891,0.257698043039981
"847",975.213964191789,986.699391459332,2069.05750278546,0.142699131041027
"848",957.973917873021,965.220458282364,1977.88481276186,0.147469039388947
"849",957.35704004658,965.983872744106,2064.74379619412,0.103274170667963
"850",1084.32758500639,1112.62541205518,2558.42461057137,0.121767418735266
"851",957.219611669307,978.27057537734,2068.26319818034,0.144304769236402
"852",996.040083867461,1006.34910954439,2077.60514550484,0.161561366563045
"853",985.127803659385,993.069668456951,2140.0762336894,0.109606511902862
"854",956.776827181895,964.341172633164,1971.69907270219,0.171389765543794
"855",1013.60325654217,1022.33028769982,2169.09160221166,0.119825458664512
"856",1085.30600927519,1095.54779760932,2554.47828011229,0.112306983967226
"857",1053.84920097722,1059.64051760814,2358.77929075434,0.149342917418998
"858",1049.16831435866,1055.9034073895,2332.44876083467,0.212017470068548
"859",991.785392578243,1010.67548690363,2082.78759071635,0.113525756583201
"860",987.604213819504,993.883592559371,2096.81793129032,0.130149471205837
"861",986.181188710334,996.519931702024,2207.19131415055,0.105498719845207
"862",1082.35439049642,1088.93543976042,2391.47436288566,0.169365128344761
"863",969.216836121251,975.232839279457,2014.7226946663,0.186811054187056
"864",949.836798548761,953.001847411386,1973.88266419956,0.142364494237809
"865",884.48441579118,892.392260802576,1753.26502736514,0.130686508425737
"866",1106.85520778564,1115.6858615895,2574.55301094074,0.109641059400288
"867",969.177453381527,979.494910967494,2030.55449540575,0.155004235691051
"868",1065.8650962853,1091.93341045737,2469.80627330746,0.165633804522069
"869",1008.78626051824,1015.35289017535,2126.28943522785,0.139314793860468
"870",1002.89304139973,1008.31967352661,2126.8121923569,0.154930681576354
"871",1019.37452293335,1029.48315851535,2247.09592622661,0.171564982228856
"872",975.930570617743,981.753467900076,2085.92519237236,0.103240444465314
"873",1011.20333588437,1035.40318166337,2216.75050077642,0.193816629024556
"874",1052.37667369586,1060.18400754971,2295.63853728547,0.206534318770729
"875",908.719704446812,915.072201011575,1897.03012571879,0.115871372734809
"876",1016.92560250083,1020.56871489847,2193.05634683727,0.189745776098365
"877",1125.32894574854,1129.70794918363,2584.55106454732,0.166851761887097
"878",1012.97878737988,1024.53270095084,2255.03019120585,0.16217369534841
"879",1062.72989183637,1071.01606830998,2455.88058050448,0.129180707405127
"880",1026.7014268864,1052.71201841437,2305.00809942727,0.107097346035572
"881",929.15318804992,933.785493232769,1972.01281724243,0.108626645295333
"882",1006.20051606091,1013.190529721,2299.99202015767,0.116449467965925
"883",1029.64027098513,1039.4156054019,2359.07370291837,0.106929862786704
"884",992.712562267788,1005.62219431026,2283.29390139863,0.196623979453141
"885",994.708304440279,999.591382986176,2069.92899593685,0.183184535469223
"886",992.76087880208,1000.62824548592,2209.1159943316,0.0994429899683997
"887",992.777692307581,1002.82411656824,2114.78140213607,0.187634964321063
"888",1028.6591912304,1035.4595740912,2220.97911764923,0.107501405558173
"889",995.773133263803,1004.64879266645,2246.51355797591,0.0891608903671448
"890",1024.4322269239,1030.45659610518,2226.68240299366,0.13915376916893
"891",998.063848410195,1003.88934877181,2180.58267741268,0.114033573912644
"892",1025.01236993782,1030.05709009883,2316.60851863782,0.137569292780377
"893",998.216258284883,1012.15096352363,2215.38257936893,0.180910051479382
"894",1102.81340067704,1112.4920259486,2622.70418454101,0.148064080341536
"895",1071.28694816856,1075.69571262136,2306.23272221796,0.180624875315326
"896",957.740354991704,983.350070514893,2102.21209603282,0.146694848264983
"897",1034.85793176429,1047.55082994265,2379.10199515752,0.176976029629815
"898",959.993217854768,967.836638937888,2019.85691323675,0.161238113067871
"899",1074.13385054484,1080.56808260554,2423.23704904272,0.1734301240894
"900",958.057525370486,966.509293984785,2094.13496508318,0.141610541276164
"901",929.616120243619,948.872744957992,1970.51107542974,0.103130889149497
"902",1026.94604742325,1033.93686494294,2261.67803176646,0.186267966297811
"903",952.99045231541,958.659203139632,2072.78609674598,0.147154478877849
"904",973.917227965542,980.590512415761,2145.00416373443,0.133241549476894
"905",943.556793822617,951.995260528367,1924.86389464682,0.150558111010611
"906",941.958261403247,948.930198822799,1960.98037737568,0.112312136252898
"907",941.04986479095,945.704419979012,2027.13393833148,0.154096775416303
"908",992.262453230909,1003.24852813989,2189.79197704398,0.136384982054119
"909",948.929351796636,952.380659895297,2087.91322229901,0.173819814977172
"910",933.299388282711,939.207925045913,1967.58624832275,0.160348760883644
"911",949.50738156271,960.119729945361,1998.9300733317,0.148458792402552
"912",1048.2579234425,1054.88322639939,2342.62746259108,0.135262693497288
"913",1012.6630452646,1020.27488411378,2282.60767318604,0.181060555683973
"914",1033.63288019345,1040.83914693277,2230.54432284609,0.110926011416974
"915",1016.70559618397,1031.91052010764,2351.32361126221,0.15577897977735
"916",1046.10592240881,1050.66336877157,2262.87862028369,0.114312379171571
"917",1023.8040122545,1028.81801976647,2160.80185799616,0.163835304792617
"918",993.755532896483,1001.01830848044,2002.60846602187,0.176819259463322
"919",1002.08513554052,1016.870110922,2288.44787641833,0.159249678905869
"920",942.495357821805,947.761969298308,1927.92940978803,0.174620289156639
"921",913.844522522875,924.544435841356,1884.54185547735,0.119462856176175
"922",1045.32781042342,1055.34177896716,2463.66077238239,0.120509750333329
"923",957.689673504319,982.089864630247,2082.92775806614,0.107159319191814
"924",1077.95459503091,1101.68600978496,2667.181454065,0.0941208203252066
"925",937.957304372576,963.90301992066,1998.01320326091,0.102473093263416
"926",1006.76292406899,1031.78787351849,2308.73099121953,0.120673218280474
"927",1044.59440885982,1053.45564930389,2313.07111963771,0.0862879824110487
"928",1000.17121595735,1004.58010411402,2156.17943258989,0.165722239466816
"929",952.461426934035,956.413159913131,2009.50145399664,0.230255107614997
"930",1182.0560321078,1202.540140889,2831.40307179586,0.153201378889481
"931",994.855115021848,1000.39214821803,2170.26458197099,0.180718424112436
"932",1044.98275651114,1050.35836176918,2198.82331423488,0.135910543056236
"933",950.72599222841,958.489470355836,2082.51438728602,0.128333513296586
"934",1015.32113126958,1030.56159354026,2257.20031868604,0.208336323928884
"935",982.189591912621,992.681529267456,2051.39716813473,0.190896896345552
"936",930.558564445563,942.535787617252,1998.37200914362,0.150764724781408
"937",949.464059316968,963.322618340999,2065.46313921085,0.131463223970838
"938",972.241704477463,980.717735590056,2073.87183715228,0.113827647409125
"939",919.863146845981,925.013451716654,1900.66537107485,0.0995152196125503
"940",1067.83753578081,1078.08497530097,2432.8176590376,0.0988879537661209
"941",1022.44622384697,1040.89321139793,2172.47152755981,0.158174334096541
"942",1006.21050349747,1010.86442195549,2230.50001545746,0.233162881591875
"943",1115.06138772582,1120.64499746369,2553.65948682912,0.166602498408024
"944",969.634202786386,991.694298682798,2213.9087358466,0.138485748713533
"945",959.515292864893,969.756528991597,2048.08900609067,0.119461892914004
"946",923.108140803759,931.051461751807,1889.72898309829,0.126988826342666
"947",1007.17097979838,1026.76184321653,2297.54303339376,0.13247723727713
"948",1071.47946495816,1077.52929085306,2439.86123116679,0.131154153801319
"949",954.650803389354,959.060559167114,2060.83541730043,0.117095864498635
"950",1081.02544011706,1089.04688196209,2486.63121709191,0.131187686109528
"951",994.169700281563,999.52317304407,2121.1539056915,0.169101368186166
"952",921.850799788909,925.197256656481,1832.72520088512,0.141417081593232
"953",953.558779378862,958.63852904287,2001.89511741036,0.19363234642747
"954",1091.60731097314,1102.54485062568,2405.477550445,0.173270965577253
"955",946.285793811567,969.05254302096,2104.38086059668,0.120091456494083
"956",958.166213039932,964.56217651071,2076.72261423833,0.116680177381981
"957",1043.65952888427,1047.78917510038,2320.8896074422,0.151802579706508
"958",988.193823837626,1001.0157722357,2189.58986680638,0.170507751589438
"959",938.911907443712,960.563975883051,2036.7422989387,0.179859636481946
"960",932.230119909644,939.001268574122,1875.66332432689,0.125730571609898
"961",1027.33090047767,1032.19757355788,2295.41082772054,0.177027554013379
"962",953.773419822718,962.261797011222,1937.96370655215,0.161154185052526
"963",1029.5999408189,1037.14661071105,2274.68497091493,0.168386826300139
"964",963.397042269255,986.656850972592,2111.2238441167,0.161780162379532
"965",993.034786054048,995.348244233461,2125.40789470051,0.176737472726697
"966",882.910350280643,892.336260490314,1897.66253297985,0.158226520335525
"967",950.855885124486,976.49132603724,2020.3775711178,0.133662416415147
"968",1006.57281341037,1015.29125754331,2157.5805847041,0.0994626518624034
"969",953.610311187943,963.226924804863,1958.74460443203,0.110718008169094
"970",985.631000823,988.431836715008,2056.98911154182,0.159317070299363
"971",1027.33022637183,1034.25661606039,2229.60604921368,0.139994681150356
"972",936.699854119004,946.527197892857,1893.92100656038,0.104076137315281
"973",959.536797583289,983.352069794697,2102.33678664335,0.123260867938813
"974",988.15288624874,1010.5455190512,2143.19347190322,0.165657836895974
"975",956.55477655328,978.781391976828,2110.84290730966,0.118601449820821
"976",999.495189168799,1005.61756381216,2085.36546459659,0.187264098028015
"977",1012.82283093899,1019.26971479981,2252.64113471591,0.0918322400578068
"978",1133.60367341825,1138.53072958279,2620.5053710084,0.163099206828086
"979",984.221738925627,989.182286855833,2082.83805697217,0.185755750970572
"980",1107.67168326176,1113.15884407697,2450.10280500026,0.138095535131096
"981",991.570560301752,997.740531990466,2150.1870016385,0.118518251641829
"982",900.333811317202,905.460686337942,1866.88104527505,0.131723831023434
"983",1005.87206112853,1009.98194667812,2207.45325638513,0.17360137157727
"984",1019.4106891353,1028.4124915522,2172.2197864164,0.115591401488401
"985",1059.69966763203,1064.88456225611,2417.76360950354,0.124855533217235
"986",1072.74763989547,1081.00238290232,2465.30496644327,0.151051205817272
"987",952.451568102498,975.635004461394,2017.30847781404,0.140466790594227
"988",903.265289926677,908.561642478072,1845.56997481241,0.131865432229252
"989",1058.83694990171,1081.8615123764,2410.84111540106,0.135089974852025
"990",949.270425821853,962.727879377244,2047.91270022934,0.169588314859535
"991",961.562895529413,965.929476577237,2086.85222553871,0.143613174657773
"992",1007.55353154769,1020.03576833569,2115.17142130791,0.154624394432515
"993",1059.17540437262,1066.68948940482,2504.66281004502,0.125208192499653
"994",941.270440247844,955.764878860317,2011.04446282878,0.125739099607545
"995",916.000907780095,922.262076267852,1813.21901991806,0.170773176697931
"996",1029.14545647011,1033.80696578528,2182.64788658293,0.142812052611409
"997",1036.57489813579,1047.10168925619,2360.04783713668,0.108832559036738
"998",966.752699271587,977.330707940616,2128.15414876161,0.135068218458307
"999",1026.0798925059,1032.35960218012,2149.48672332511,0.194164735326672
"1000",1074.49651916414,1099.69950725951,2539.65577409767,0.182146307257383
