"","ds.est","ds.se","ds.ci.lo","ds.ci.up","dsm.est","dsm.var","dsm.dev","dsm.se","dsm.ci.lo","dsm.ci.up","detections"
"1",1048.86285540549,68.385155141974,920.957224655592,1194.53244949651,1066.15140182109,2470.05954453404,0.0935272213742071,66.4445617921169,943.673593296696,1204.52539912038,FALSE
"2",1109.88646544137,72.9608905042816,972.903333047106,1266.15658958823,1125.88169605818,2657.86729656589,0.0724974579989731,66.7877641512043,1002.40556736866,1264.5675909865,FALSE
"3",1034.92585992396,69.3216716572939,905.06342920925,1183.42151607555,1044.85095105917,2276.5666840927,0.0744425829664398,62.9586524349548,928.561588420666,1175.70393126651,FALSE
"4",985.32368459882,70.3106634714956,853.931025779396,1136.93346900621,996.843899776039,2130.32609375766,0.0732980971521896,60.9533836260198,884.357421759084,1123.63817622984,FALSE
"5",958.118210223721,79.4100016864898,810.757860332312,1132.26223226013,970.569208642405,2017.50122746971,0.159607617092396,59.9712936307486,859.965483780295,1095.39813693896,FALSE
"6",1039.62231236299,72.6138960094315,903.181063833227,1196.67539061973,1047.6125189056,2296.95382192736,0.119533367223235,60.510662874393,935.568851613135,1173.07452880181,FALSE
"7",955.022695733471,77.5857017183463,810.936897273201,1124.70939777544,976.117831683472,2037.49403333071,0.114690652346803,60.4366244763004,864.669728960466,1101.93058623197,FALSE
"8",918.801427315536,69.9940522640141,788.183742963081,1071.06505351584,928.150639841952,1874.82826265681,0.113651243919709,56.3985580970751,824.030579288147,1045.42674979758,FALSE
"9",1101.61845608235,82.5254891361546,947.464964476586,1280.85287401807,1108.78816165294,2556.04913629133,0.111703608147302,66.2448500274837,986.367166402696,1246.40319477116,FALSE
"10",938.644013813618,68.0253374946667,811.655968464927,1085.50003806965,964.02790808742,2051.16728066061,0.0791328869214331,59.7926347001545,853.77917274814,1088.51309241946,FALSE
"11",979.947695455146,89.5941960693873,814.54836084146,1178.93243911979,991.54244277551,2136.52071924869,0.115673547905631,61.200089755902,878.664923540447,1118.92075065856,FALSE
"12",1071.70505704825,75.879450679094,929.520762236483,1235.63859567731,1080.31874794836,2416.67955636235,0.0900885762894741,63.7079850402261,962.495850139816,1212.56480949937,FALSE
"13",952.859186523143,67.6022489456955,826.550580227124,1098.46953236916,957.303720177851,1991.39080598049,0.101598898203466,58.9882124156024,848.494716096946,1080.06613981276,FALSE
"14",992.293645718772,68.9372795033485,863.326540358024,1140.52636320611,1003.4486985233,2096.31278837615,0.0848987947998517,60.6631524180226,891.421279053022,1129.55491890183,FALSE
"15",980.65345379108,81.4143004777489,829.481695515006,1159.37603160162,1004.97058732918,2080.05206107931,0.155046343397993,60.8691397673987,892.575365931961,1131.51888338552,FALSE
"16",1017.26181774304,70.3316811710276,885.464985740626,1168.67591887026,1026.47278329757,2146.75846497403,0.0899928372544594,60.685961844057,914.255444830227,1152.46387736451,FALSE
"17",940.678971037012,62.0565488433503,824.623273960403,1073.06809605491,950.413512759068,2100.321667438,0.0741229062254345,60.3154067852513,839.358871318752,1076.16167065208,FALSE
"18",1082.23232485734,69.0413561964513,952.680971678086,1229.40085903372,1095.39206372228,2492.77768603357,0.112539852166155,65.5854300409061,974.205089155365,1231.65418311052,FALSE
"19",945.46120489418,61.7846924648189,829.734719989011,1077.32853456077,951.74990613394,1890.91998082598,0.0665522796493105,57.7848184434398,845.065316884263,1071.90280529525,FALSE
"20",997.300897486811,86.9136064983249,836.278263847231,1189.32791048805,1005.36847860734,2297.47661851569,0.160188369959164,62.3209877087202,890.45379816759,1135.11310733609,FALSE
"21",1083.84773877587,70.0422561038758,952.099279106343,1233.82712982641,1093.89328950547,2381.91235181138,0.0745044347734373,62.9914840102044,977.235780295139,1224.47678743784,FALSE
"22",1006.0520189516,76.3597388253604,863.736450620903,1171.81654671283,1012.17291310312,2087.64518841632,0.104775861685037,61.3413186363689,898.90978576708,1139.70725676927,FALSE
"23",980.147722811153,58.7407826223713,870.006053994367,1104.23318794298,988.389261629356,2077.69723765303,0.0474412945519631,60.621177512515,876.536518728814,1114.51526733989,FALSE
"24",955.746907437956,68.9941712571681,826.853167323641,1104.73320678432,962.257111233741,1974.48814456261,0.107911042558089,58.6998649224349,853.913964068983,1084.34665210031,FALSE
"25",954.448884282467,61.1557859310945,839.703597747491,1084.87408551271,975.982485515577,2041.32349234792,0.0750011458043843,58.9677562864361,867.082123874315,1098.56008537807,FALSE
"26",1007.66861865742,63.0928452464968,889.012586860411,1142.16160719713,1027.24897657185,2269.50752405096,0.0849378738069938,61.0692335146988,914.359551657654,1154.07605023085,FALSE
"27",1023.20401846588,79.2441584044206,875.291381716068,1196.11192943784,1034.81467917146,2234.24116018782,0.14116287897127,61.4327201088529,921.243974931656,1162.38634864143,FALSE
"28",916.320002822456,61.8755312910629,800.87656377923,1048.40419303867,924.160037815272,1844.69542607371,0.0677399295168186,58.4969288780804,816.436081511175,1046.097538847,FALSE
"29",967.775805536673,73.9183329015464,829.820489958626,1128.66580316528,985.052732380131,2098.09129405979,0.135927298167929,59.5967143533322,874.999761365978,1108.94760023107,FALSE
"30",996.300792955289,63.4581303745383,877.1666419335,1131.61538821786,1005.08197848405,2185.54778862752,0.0530061704394096,60.6383902205508,893.086689829591,1131.12175444711,FALSE
"31",963.3612820874,70.5405931158037,831.545816559354,1116.07194858497,971.976143809627,2028.08589293714,0.136324904766463,58.935447366408,863.158656730785,1094.51213489908,FALSE
"32",986.903416964426,69.2996094940513,857.235427658618,1136.18537334172,993.149293035589,2102.39207004085,0.0880203920790659,60.1399221934851,882.099114929651,1118.17992055887,FALSE
"33",1000.35599020826,69.610336046335,870.272314871017,1149.88388122385,1010.57421370895,2147.32058067046,0.0884184437965232,61.9418721844118,896.280175227712,1139.44307777866,FALSE
"34",945.508101333035,73.2211437809267,808.916161385174,1105.1646788161,953.885261444064,1961.55398010087,0.0726029363774702,57.5715195640818,847.556704119994,1073.55305854721,FALSE
"35",990.519449576365,66.9826964062618,864.830306981718,1134.47548272589,996.18017964224,2147.91081503918,0.157312158978948,59.5517396974684,886.131890086853,1119.8953128916,FALSE
"36",1022.75020357478,68.8841527767841,893.499254392631,1170.69821129655,1039.07224553312,2234.02778691045,0.0830546263461301,61.374798175166,925.57509716581,1166.48679803863,FALSE
"37",1072.52421374446,77.9060324775484,926.67552435008,1241.32790695529,1081.06535274661,2471.31898578054,0.0829866117619147,64.1623946357218,962.446558829542,1214.30357476726,FALSE
"38",980.944785917914,68.2043625498882,853.293170338829,1127.69292720045,1000.86730773389,2031.6503620528,0.151099872724788,59.7644190367341,890.418636796032,1125.01617362255,FALSE
"39",1000.52509820988,74.9662584317333,860.602601180477,1163.19712579855,1014.32572766,2229.81869274371,0.136498724130382,61.8857795724692,900.103363591006,1143.04281420338,FALSE
"40",997.907918470803,75.5635579479045,856.850857794993,1162.18616657438,1024.75548942715,2236.24476782463,0.0988681505352282,61.8132782375159,910.588930021108,1153.23586581129,FALSE
"41",1027.89817126458,71.6462958835474,893.980928254732,1181.87605249227,1040.19288775076,2257.20174135683,0.107757901164606,63.4400924296503,923.099076662646,1172.13988301138,FALSE
"42",920.914610252182,69.029735794802,792.140864429955,1070.62235703019,948.132292506611,1982.44041098989,0.1538086227,58.4741351066426,840.277289876267,1069.83117945055,FALSE
"43",939.674729580233,62.0679185595016,823.353154457764,1072.42996839332,947.085329050338,1924.1371377385,0.0842999335741236,57.5026086945635,840.921876872406,1066.65154656035,FALSE
"44",960.184630214273,62.0054450005251,844.187720718811,1092.12027310074,967.945550742078,2018.75073265744,0.0846486200311121,60.1752857781601,857.007084885626,1093.24485844411,FALSE
"45",1000.77206818092,77.7009888811261,855.919978950563,1170.13828054242,1007.89374790154,2130.77308327669,0.140205571277098,60.7379772866197,895.70682351721,1134.13204006868,FALSE
"46",1015.86715470513,71.3677121432293,882.319420907806,1169.62865324543,1025.53232056498,2248.6126164548,0.102264776230821,62.0983857255096,910.86550619115,1154.63428286051,FALSE
"47",966.41782378647,70.7143259252934,834.582620389652,1119.07843191861,993.677177475633,2155.75519524703,0.109668266091573,62.0950295436001,879.235930672688,1123.01408369481,FALSE
"48",1010.00889809666,77.7684937551084,864.917679435192,1179.43938306429,1029.39527386254,2290.90366793521,0.0904445965954482,62.278679410483,914.389621798133,1158.86554767184,FALSE
"49",1091.06032268458,69.8071044149858,959.790938984293,1240.28325272204,1101.53361297113,2428.30552555634,0.0627601411919426,63.8532645655346,983.324850937487,1233.95264479324,FALSE
"50",929.335713223326,62.2841833548445,812.892019797014,1062.45952333001,956.367141766714,1934.37425907437,0.0910588652797586,59.0427047422647,847.470248705071,1079.25689574188,FALSE
"51",944.618991935425,77.324748314295,801.025308579055,1113.95361715595,965.893518778881,2010.96769084671,0.139748323380353,59.7094865907346,855.775692572256,1090.18087066112,FALSE
"52",999.69547925095,75.380675086243,859.031664059914,1163.39256519546,1011.82447938642,2304.3833137882,0.104957324081841,62.4152466326778,896.701597511812,1141.72739284333,FALSE
"53",1001.71580078435,70.6254074851123,869.54128975405,1153.98148123001,1010.07438033849,2227.79731061444,0.106307604781252,61.3980538422792,896.72689101939,1137.74914529035,FALSE
"54",968.040270115769,70.8686454947084,835.713752812062,1121.31930510009,976.417486772993,2194.40742210169,0.0645277651372045,60.9413846930054,864.093873023175,1103.34205372906,FALSE
"55",922.93373059511,72.0518810046309,788.545307200365,1080.22540149842,946.61795216364,1973.51338529042,0.104515980760944,57.3722770315284,840.683849045636,1065.90075255489,FALSE
"56",1014.2461835823,64.6652473300573,893.21616820874,1151.67566097041,1021.71532309332,2225.59339868723,0.0873857747401298,63.1890187833246,905.183691248123,1153.2490162348,FALSE
"57",999.641077623114,67.6376691526072,873.2956193795,1144.26576968463,1005.4027010372,2178.54681162295,0.123971935962996,62.7923510289912,889.672261332305,1136.1875998462,FALSE
"58",922.748215477312,69.2377858237453,793.713765173688,1072.75986196389,928.055351558879,1824.46182181336,0.0683947117594259,57.1806342583046,822.579988681914,1047.05529846062,FALSE
"59",963.206702093687,68.8134612947241,834.68376517772,1111.5193438088,969.507555959294,1966.55379476275,0.121509876892255,59.1980381379249,860.251146834991,1092.64010227755,FALSE
"60",961.498829683547,67.1168919048293,836.059373753034,1105.75878760007,975.255004952845,2073.72723963761,0.10214797981792,60.2667209581993,864.107093759337,1100.69959100518,FALSE
"61",914.328156501212,48.5779501527044,823.103150671585,1015.66368332912,923.148135401834,1851.40059646235,0.0710627884315618,56.8672449578071,818.249610576647,1041.49451326388,FALSE
"62",1003.93732919975,65.5484563007557,880.992638119841,1144.03925452964,1029.90651114749,2211.25991497605,0.0772874444229038,61.6794935088064,915.938453618174,1158.05534478212,FALSE
"63",1115.69262211146,68.3117252288325,986.935815203212,1261.24719344351,1127.9900051347,2626.60060179501,0.0768072119325385,65.1543885201102,1007.34796642747,1263.08037946032,FALSE
"64",1000.00494957888,71.3885096006962,866.799941732592,1153.68016428727,1007.57429680148,2119.12502054391,0.0956760269129984,62.1348232789144,892.96659544004,1136.89131123065,FALSE
"65",992.529592853029,76.3993409830887,850.116277987408,1158.8002937918,1011.42185319466,2239.89952350487,0.112249099208708,62.0435737996008,896.945721117656,1140.50843995892,FALSE
"66",1055.20996104376,75.5569953858047,913.649414636779,1218.70385297477,1081.94581390891,2476.57654646453,0.163026572538556,64.0479339098554,963.520597921126,1214.92653790765,FALSE
"67",1012.98724902177,68.9535131853707,883.704646800323,1161.18340035453,1019.47832113809,2129.91798752005,0.076923732396289,60.3291358598547,907.926936115381,1144.73533709376,FALSE
"68",1000.44443946521,75.8274938291539,858.802263249688,1165.44764643438,1008.41434113708,2095.88456796089,0.134587418628015,59.7682231487372,897.91026787803,1132.5179361342,FALSE
"69",976.950033106693,63.728719332787,857.28122921414,1113.32353335449,992.678561634544,2139.84840188552,0.0961710654155215,59.5309454490621,882.689341754072,1116.37320189074,FALSE
"70",1084.4168742178,71.8981698018657,949.543405232939,1238.44781671651,1091.93335359031,2434.04897488797,0.0981578749229937,64.6650282615384,972.369922505822,1226.19840565445,FALSE
"71",984.086343490555,72.1469253061295,849.38510617461,1140.14941444656,995.563191832514,2249.03818534962,0.115769134296767,61.8994437964188,881.446906336602,1124.45351138739,FALSE
"72",1017.6502787554,83.3865440922293,862.649342575533,1200.50180153041,1026.02669884127,2303.67378453522,0.105874794387353,62.9012091378537,909.963872331295,1156.89294789039,FALSE
"73",1106.54071516135,84.5455854276078,948.482658420169,1290.93805083296,1129.64652228582,2623.68145993922,0.158913886189247,65.9947868327892,1007.52793557114,1266.5666333004,FALSE
"74",1059.68299884868,78.640476658964,912.47879061159,1230.63469485827,1067.99223010914,2442.12449602907,0.108746354784978,63.1460587699748,951.226394488008,1199.09141523289,FALSE
"75",976.414685440765,72.9275871988281,840.618753772684,1134.14747608902,982.410114967048,2032.71940263673,0.129875726428981,61.1266804396225,869.723582175154,1109.69698162698,FALSE
"76",954.626294305633,68.6915455611571,826.09039957119,1103.16178744209,964.144004656076,2048.64232349044,0.0908456118975002,58.4500373840753,856.221608339695,1085.66947231897,FALSE
"77",959.37973818436,67.5312423527376,833.027411460571,1104.89699303521,983.74248756133,2141.66481150295,0.132219639548629,60.22128092502,872.614772309204,1109.02234587709,FALSE
"78",979.386070043617,79.9654286051684,830.772086043362,1154.58510259264,999.685922943675,2162.98165050815,0.102119233977139,61.3657222692889,886.465197824375,1127.36737661498,FALSE
"79",1035.59583323247,83.8116401904258,879.322235834223,1219.64245427162,1043.87597154022,2318.53719379007,0.14784808832493,61.5372927572105,930.065270407184,1171.61351856733,FALSE
"80",982.161631541551,82.1490541818728,829.538490703387,1162.86523323881,998.28786627437,2206.4947811674,0.124241304077948,60.988736655624,885.730247380825,1125.14918271968,FALSE
"81",1022.345156712,68.3146748001977,894.258501960563,1168.77795085092,1038.90104141021,2256.8686095809,0.0519090596200693,62.1487170720179,924.058392710332,1168.01641796414,FALSE
"82",992.561099591713,81.7194110403024,840.605925539997,1171.98500092638,1017.42259260643,2208.03442016482,0.113983949460115,61.4501855921553,903.935383273161,1145.15788528789,FALSE
"83",1019.724944141,91.7340998761085,850.063132979024,1223.24909922782,1027.89041473587,2210.63208140177,0.12638661829318,62.0129036552346,913.356314521003,1156.78699310245,FALSE
"84",1153.08509572725,78.98480657064,1005.07729515739,1322.88854239824,1162.78788549332,2633.2351644455,0.14870326430823,68.0670144954792,1036.84935380898,1304.02325244553,FALSE
"85",1002.72222049895,68.8522579862696,873.820894828047,1150.63837158553,1016.36950873343,2229.41066855374,0.108068424794445,61.8421146744665,902.209050938656,1144.97518863094,FALSE
"86",988.472406663919,73.6079556193144,850.834404137071,1148.37586959936,994.311358173355,2191.22045123297,0.117230630398585,60.0205579000049,883.460689843293,1119.07081815707,FALSE
"87",1056.58406485767,71.1534005913278,923.05591632185,1209.42823329666,1069.41077233281,2391.5262630611,0.0943511090108364,63.2780587644349,952.40605316837,1200.7897221746,FALSE
"88",892.768215814395,60.0924667531443,780.27729223784,1021.47671744043,912.570382121759,1858.01509448542,0.080219771216341,56.4236758968113,808.51352020419,1030.01951298914,FALSE
"89",1014.89087718722,70.790672122155,882.606106467249,1167.00245449306,1028.23658590345,2215.81827072092,0.106997493006495,62.9448650426468,912.082957087627,1159.18236205878,FALSE
"90",974.014462270141,73.2178671740848,837.291895060188,1133.0626491293,994.213657609958,2226.1517362552,0.120541165489096,60.9583634338884,881.736528711686,1121.03872845375,FALSE
"91",961.437095187063,70.141914449071,830.592352634449,1112.89405093832,971.317598101085,2052.3517106433,0.0799452904630884,60.3165691931194,860.110930042093,1096.90255457478,FALSE
"92",965.798991555341,84.5185905651783,809.176157864246,1152.73748864682,974.415666085511,2130.4862916604,0.189043230779201,59.781628043463,864.113941719076,1098.79709662357,FALSE
"93",1035.89583525756,78.9663611534114,888.479991714819,1207.77079001279,1055.6972494632,2344.16661144054,0.107452092593218,63.2163193150886,938.888681344952,1187.03814911013,FALSE
"94",1113.89343161497,87.5487742722128,950.202588103631,1305.78320089742,1121.89437442823,2600.8896978407,0.107044761285426,64.5168764587387,1002.40274623911,1255.63002704851,FALSE
"95",882.925918853225,70.3557329438064,752.243387663774,1036.31110750454,889.477213945954,1817.05740085135,0.14408981777672,56.6632098103695,785.172032420692,1007.63868484958,FALSE
"96",1071.54861004873,70.9143122646616,938.52929483207,1223.42097366583,1081.5091007359,2431.23980706068,0.159324173411264,64.4589642629494,962.371447408841,1215.39550879639,FALSE
"97",936.23454901536,73.2768654135169,800.000367551793,1095.66841006888,950.593776014929,1956.62881464812,0.11560348714575,59.4441215535101,841.042870567065,1074.41434749819,FALSE
"98",981.893518363254,70.7053420020131,849.789011473469,1134.53441782222,1007.0343681021,2247.4814520858,0.0817610184443619,62.109761192922,892.473819497019,1136.30024364225,FALSE
"99",998.165907353735,75.522898545995,857.148890142077,1162.38286027315,1007.32816303815,2214.83905998919,0.0743256648198699,61.0559001043681,894.592950022311,1134.2700923638,FALSE
"100",1013.5184691913,76.214620432,871.065503954669,1179.26801455031,1020.67421499521,2175.28533273588,0.09665154214038,60.5261886322968,908.772150806596,1146.35538977669,FALSE
"101",994.379903116717,85.0451554820274,836.712683412504,1181.75738377678,1006.93534660584,2173.78982805524,0.133964083543781,61.6796899519068,893.120709936257,1135.25392588488,FALSE
"102",1072.4556160802,67.5791030014424,945.58896610913,1216.34355907789,1083.11203288533,2445.92231400267,0.141188542810689,64.7830245130663,963.400387940967,1217.69898628365,FALSE
"103",1015.25338858938,72.1644503070478,880.342757892707,1170.83878273676,1026.33338544563,2306.68406618705,0.109551807770912,62.9645838952256,910.15860852669,1157.33698304014,FALSE
"104",1060.67309445103,79.8997801974554,911.361843281587,1234.44647324862,1084.34653333449,2504.31031013473,0.168483707748958,64.7782324692314,964.635166439815,1218.91409857479,FALSE
"105",1061.96909002928,61.7835583966153,945.722557412005,1192.50443942441,1076.49044431643,2458.5714378683,0.0652064229817008,64.1634737139121,957.899332399208,1209.76352891083,FALSE
"106",910.449005452556,55.3985399580179,806.590851318285,1027.68013073143,921.297254744436,1912.05079727916,0.054483986059749,57.4238059877631,815.448255001623,1040.88595002014,FALSE
"107",1103.70706485705,72.5488707194979,967.22924356309,1259.44215719519,1110.62756982567,2502.72404528272,0.0640837217471552,63.9891116564574,992.12608006018,1243.28311053174,FALSE
"108",926.193204761762,58.7481996845947,816.331336959807,1050.84028225796,933.50045714054,1987.50308150471,0.0789352915470994,59.3971291855716,824.154532407066,1057.35401458811,FALSE
"109",930.625704594974,70.1314686611981,799.93968729613,1082.66187539747,949.543190035177,1955.53028096401,0.138177430504587,58.8606185192623,841.009156335503,1072.08377334538,FALSE
"110",982.342142750901,56.9136376211224,875.270214849256,1102.51219458054,989.570827143623,2083.27850822187,0.129439330334001,59.1173944036953,880.320903190563,1112.37892725777,FALSE
"111",867.943615995859,80.1655408546467,720.179959547638,1046.02483110076,891.320722796447,1754.15799397806,0.120570694720313,55.9936650593912,788.158042164223,1007.98645498163,FALSE
"112",905.068144440655,70.5398574766716,773.876588876919,1058.49996996295,928.276744002182,1873.25113236875,0.106135032734413,57.9934217486382,821.393091731284,1049.06861541659,FALSE
"113",959.271810335961,63.8922018111168,839.454640819415,1096.1907426076,967.820460639931,2100.43714048041,0.112394041951366,59.0611503917123,858.812922464929,1090.66412431811,FALSE
"114",1073.26034829573,73.303090012072,935.84328606858,1230.85541390471,1080.59166174854,2408.05991515525,0.146546464901557,64.1002423799118,962.084082116457,1213.69676636966,FALSE
"115",1012.99935566859,61.6932041656515,897.237362162501,1143.69701693176,1023.8799116141,2222.875202768,0.0820871537439058,62.1710658857536,909.098028191706,1153.15405038567,FALSE
"116",971.007100049078,74.2042552811778,832.545871645953,1132.49590257614,984.652030539822,2128.83116601635,0.0960980385006877,59.9663722196698,873.960205570338,1109.36357864656,FALSE
"117",983.121051331363,70.6412898946058,851.177559437233,1135.51748498858,990.769785414452,2133.0273487969,0.0863674378801873,61.0028265961615,878.239310783322,1117.71900396336,FALSE
"118",1021.64287952633,66.2082721552681,897.406722058717,1163.07817584919,1029.39357005778,2194.33412231195,0.162045228166412,61.3697028824749,915.967546966857,1156.86535574895,FALSE
"119",998.335526815868,60.6318362919736,884.490222803635,1126.83419036955,1005.87207920917,2104.18713916962,0.0544888468167329,60.3847987692216,894.312146930572,1131.34842594408,FALSE
"120",964.255164561401,77.8034265871013,819.595804848419,1134.44702484208,969.215435755258,1994.30471561943,0.140957603296454,59.2607637853355,859.85224334057,1092.48835271595,FALSE
"121",1063.80353376458,65.6625093869305,940.350169483353,1203.4644063198,1094.63927228221,2393.52968217735,0.0518621899068919,63.976128818627,976.258896949959,1227.37435752551,FALSE
"122",959.847663240173,70.0372435817203,829.08789597174,1111.23023397633,972.323090658728,2122.55127466746,0.13677916019726,60.3826300894412,860.995034896338,1098.04604476258,FALSE
"123",958.837769565999,61.0045249283638,844.63240042112,1088.48520124011,967.391328919122,2107.22105691454,0.0603876882258967,60.6586452696351,855.620892292259,1093.76242644183,FALSE
"124",1016.99440099975,72.8233645581465,880.587518655572,1174.53130978271,1033.78502961256,2229.63515002136,0.0928595141183961,61.0911028156522,920.8155924193,1160.61402114528,FALSE
"125",1018.8001628849,72.9723416355729,882.37842944313,1176.31362832537,1026.71794392388,2205.24501959684,0.103340745594753,61.9892766953755,912.232672054156,1155.57112638989,FALSE
"126",929.324135320434,77.4049460148976,785.963000429798,1098.8346118288,947.111863039649,1975.88973437112,0.125473366002799,60.2573614647726,836.181635316882,1072.75840944593,FALSE
"127",996.604385857706,66.7691181397945,871.452958079504,1139.72910723679,1004.20112953445,2123.60826648169,0.110455683361738,60.3372671058758,892.734800316181,1129.58507745091,FALSE
"128",1119.96686305061,66.8064057794654,994.078847703304,1261.79706693226,1136.20417687337,2695.4968594025,0.0864381716444001,66.2827668518473,1013.54255865132,1273.71063062445,FALSE
"129",936.921025139778,70.99588391789,804.640795451868,1090.94767790888,944.111271932223,1949.62954648506,0.090290658411648,58.6110206735941,836.047331097064,1066.1431005585,FALSE
"130",952.767343721921,71.8280771419016,818.96303960224,1108.43294186245,960.020130422924,1916.69653342537,0.12235901282557,59.0176384206421,851.141386139849,1082.82673810179,FALSE
"131",1024.73308453004,78.9053678064093,877.503371309646,1196.66536775037,1031.83483481656,2319.30359969777,0.0921322392036807,62.4813133420821,916.461074524487,1161.73305766786,FALSE
"132",947.642826325294,61.8728849851161,831.636417973716,1079.83117006087,955.480510833247,1967.16701834827,0.0775055000815912,57.9965185894572,848.403433436502,1076.07179627296,FALSE
"133",1059.43875835499,76.3249432414241,916.479459405137,1224.69791459734,1068.40389686806,2349.18805937133,0.115580667232471,62.7629881143542,952.302678127575,1198.65974659156,FALSE
"134",1009.41988311753,78.4622625064133,863.173592447034,1180.44447762174,1033.84533017897,2160.83005245088,0.129125308154902,61.7339987805022,919.756784164786,1162.08565692012,FALSE
"135",920.570390142023,62.3038676531167,803.973559913817,1054.07675757034,929.001227801395,1943.56851562794,0.117704576098274,57.6820477256955,822.651104764673,1049.10000881039,FALSE
"136",1071.1037997224,82.7808291386408,916.437356101139,1251.87318275702,1096.30916883179,2416.63850478155,0.149258020104274,63.6837395544814,978.428404608216,1228.39217259429,FALSE
"137",907.055925137031,72.9144270758859,771.507762040673,1066.41889013532,928.779509007555,1873.20040701348,0.13473107487598,57.3874219517995,822.940970541048,1048.22995479879,FALSE
"138",1032.12222442531,63.3354396922701,913.137709586432,1166.61076962327,1038.97976124089,2301.26366659883,0.130458113385854,62.4245440209191,923.65715986278,1168.70088943884,FALSE
"139",859.887476121073,71.6138011298659,727.168087710545,1016.83019935302,865.810667203001,1658.65003527108,0.161928317235502,54.721800399094,765.029323355343,979.868468511391,FALSE
"140",1060.08484053197,81.7437191917219,907.546773321176,1238.26110362688,1082.99150263658,2472.04283832261,0.128174020616572,64.8321369486329,963.195259638619,1217.68725816102,FALSE
"141",1034.2783743535,74.7073082069554,894.373245817953,1196.06859961134,1041.31097340171,2191.24081765809,0.125463088263166,60.8919999781844,928.640908598268,1167.65106219966,FALSE
"142",969.064231409639,62.2946593930634,852.15978107585,1102.006343707,995.000728268039,2158.35966464136,0.116375917027648,60.2766963834203,883.700718462891,1120.31871036156,FALSE
"143",1047.91465867554,77.528360711568,903.011233804604,1216.07028878302,1056.68900352354,2360.4652984889,0.108798649139409,63.3712205710665,939.604673012476,1188.36323641053,FALSE
"144",916.006799252017,72.8164029801484,780.612138168362,1074.88522820658,921.96740089785,1827.53861460489,0.118887052081125,57.0057050345247,816.837272179447,1040.62818540386,FALSE
"145",1043.91763180476,94.4568375425464,869.534776267836,1253.2724989681,1052.05097898371,2391.26933928389,0.138384219068388,65.4042220377844,931.472536406943,1188.23821328108,FALSE
"146",989.199901358677,68.6949331138038,860.452623445552,1137.21129808367,1013.34464144499,2210.24569995662,0.0956258266537879,60.7269416188494,901.140959441935,1139.51913026038,FALSE
"147",959.220723151743,66.5959997451836,834.427383248914,1102.67761364835,985.533388466903,2211.28943734803,0.078787710470548,60.1811418496784,874.46306340681,1110.71136155148,FALSE
"148",975.704410863662,79.2868307416269,828.090441916285,1149.63179043075,1002.32235132486,2099.15829784019,0.132216536885412,59.7368265703956,891.912213890944,1126.40019983878,FALSE
"149",997.587886941311,75.6314827818784,856.593693198007,1161.78953928159,1012.8842118852,2230.97112092057,0.136823425800169,62.3780092638895,897.818493981953,1142.69691876823,FALSE
"150",880.82772068623,71.1180517391485,748.829344944746,1036.09384269863,887.834176649356,1787.04064937493,0.135203784026617,56.4679894959815,783.877875398586,1005.57695269283,FALSE
"151",1018.69818108753,63.7703824994251,899.051082384499,1154.26809942622,1039.03869570495,2328.27254309006,0.0908951742780551,63.1881319833537,922.389795977826,1170.43945616047,FALSE
"152",1038.4128136987,70.4029541621106,906.274534442336,1189.81735740502,1045.82117130301,2260.67486720396,0.102901967602358,61.4613839579196,932.130392662996,1173.37867207708,FALSE
"153",998.46713507336,74.8419980963622,858.983720325427,1160.60013272884,1004.20729354224,2225.15626633871,0.120291233521234,62.5966833485091,888.823741357778,1134.56947815428,FALSE
"154",968.892211803265,67.3885333220547,842.550923506371,1114.1784928397,995.422762549457,2150.17602177442,0.090067471430811,59.56798211779,885.351180023252,1119.17903150654,FALSE
"155",1011.71119935318,63.5798290735365,892.514162460193,1146.82723697653,1019.19301882911,2228.43420453956,0.083000221836924,62.2988233794548,904.221242524033,1148.78346225358,FALSE
"156",1000.93395732237,68.0430729549317,873.581243150356,1146.85244764187,1008.08264853755,2209.10538292694,0.0952183967411824,61.8014977537539,894.049006262747,1136.66098744461,FALSE
"157",903.342583956136,68.2518525018713,776.239444921761,1051.25786808064,909.907800205692,1839.11016394337,0.10848740354971,57.128167651331,804.651122167233,1028.9331389301,FALSE
"158",921.708565524676,69.2849524662239,792.454144611319,1072.0452224756,943.840330562688,1943.14609275192,0.123214532619899,57.9320623675343,836.95413782766,1064.37680314106,FALSE
"159",1031.83206552698,77.1737441299839,887.824447275164,1199.19812381522,1059.59211107292,2447.03513526558,0.126450659655839,64.9782841884307,939.698908819411,1194.78210659892,FALSE
"160",1055.51076775102,77.9274354101031,909.815941887137,1224.53666675424,1065.20567467798,2418.42710584526,0.0638648821650333,63.8731990795908,947.192930287268,1197.92187323657,FALSE
"161",1009.29341757414,81.5670819833921,857.488962976081,1187.97237835339,1033.27001504131,2164.17661542732,0.114463338480381,61.5322697686362,919.536075322322,1161.07127565303,FALSE
"162",934.516753381153,70.9869769335764,802.376743199863,1088.4183393293,951.448166290017,2130.7620714088,0.114302817603155,60.8896896075117,839.39536172145,1078.45915574292,FALSE
"163",1055.34551545968,63.9313648016886,934.983089884708,1191.20246029069,1066.23971122661,2399.75083738998,0.0736717513850748,62.7649559577458,950.148741093581,1196.51489564477,FALSE
"164",1031.26519493327,80.961171929276,880.263320894199,1208.17018843909,1038.05187640936,2332.03356780489,0.11218255820719,62.415561371539,922.751002576875,1167.75998628864,FALSE
"165",1061.83306742875,75.9059728250764,919.699840267091,1225.93199837646,1071.2087025323,2396.84259487783,0.0839773340152485,63.593246944071,953.643827032884,1203.26693452331,FALSE
"166",947.210382315314,59.8217268708623,834.978393224424,1074.52781490691,953.914313668305,2034.52760016093,0.0500792924113327,58.5784233475052,845.838706097629,1075.79909888428,FALSE
"167",954.903362615288,69.7824022818382,824.83338366977,1105.48439234735,961.919171554733,1981.78342543097,0.0801169157969141,59.9546593076704,851.404940329434,1086.77839271936,FALSE
"168",976.574267949935,85.3756293008045,818.45481625789,1165.24123491925,986.905433492538,2166.16872952061,0.168164107401019,60.9120489387536,874.55897066476,1113.68400225403,FALSE
"169",1065.21868150828,80.0838312724967,915.35859050857,1239.61347082985,1080.98480963539,2524.2603099723,0.113152204578213,63.9257887029538,962.778390919604,1213.70418123566,FALSE
"170",1011.66813729277,81.0588437059484,860.783402346589,1189.00110901689,1021.87973635848,2311.91470437602,0.076395258757637,62.6258121147817,906.32269634669,1152.17041324168,FALSE
"171",976.963301732314,61.2411910238235,862.150460207575,1107.06580461826,984.493752141878,2010.93202564773,0.103772629854618,59.6253084779216,874.394875885813,1108.45565857703,FALSE
"172",1013.25969052203,76.6570482723295,870.120268213189,1179.9463108073,1021.2738839474,2197.81394864713,0.141240059492682,61.2372761610778,908.131117990743,1148.51294639112,FALSE
"173",966.604849374558,62.457001980533,849.456423762539,1099.90919922173,975.823130241726,1999.99019654756,0.043846200765017,58.6917045038237,867.403328537011,1097.79470540057,FALSE
"174",903.866713678059,66.2032502660301,780.238142053141,1047.08420681071,916.806828093482,1858.06399390808,0.0758237787637342,56.4663695127917,812.646616671834,1034.31767609051,FALSE
"175",1038.42549045592,67.6601957004865,911.511631264202,1183.01013639623,1065.85341227622,2302.88169302062,0.10663312908973,63.3010530313455,948.831506842228,1197.30793957473,FALSE
"176",994.342687032758,77.9876899901551,849.097705680532,1164.43298885502,1001.35142215874,2283.70602327264,0.12509215498546,62.2062394586652,886.663526488046,1130.87393436707,FALSE
"177",970.501271540492,74.0351655154057,832.272858697593,1131.68741263007,989.779413837318,2124.59254324605,0.0807565569712688,59.7001858864438,879.515281227011,1113.86727322056,FALSE
"178",1023.66208122347,87.377518138371,861.601106722348,1216.20556004281,1049.38977584252,2395.46110814575,0.146611070714391,64.2756352925289,930.784449853046,1183.10840046443,FALSE
"179",918.87316886727,53.8367610682158,817.934394460946,1032.26848776866,926.592598732388,1823.74890705764,0.109950881825453,57.0173824877694,821.410166730799,1045.24375129511,FALSE
"180",945.763548486707,62.4864854333137,828.584762973316,1079.51380428048,955.532004943738,2005.206448462,0.0703030661843505,58.0681255215595,848.330314480086,1076.28054413141,FALSE
"181",1036.00882671884,77.0187459990556,892.08388277313,1203.15399679998,1046.49045537563,2368.52730419351,0.109899709648099,63.1835157383154,929.79964556727,1177.82608157928,FALSE
"182",1021.08365172573,71.6302481533805,887.057709029134,1175.35963354928,1041.57460726965,2379.02352992624,0.108975160454481,63.6362290384193,924.131244992401,1173.94327741601,FALSE
"183",903.970927980472,75.5261465213504,763.905091612817,1069.7185391298,922.580049222373,1966.59642990833,0.150979690727461,58.4179995381573,815.003873347284,1044.35570806235,FALSE
"184",948.402331441515,63.8663158294615,828.712753305854,1085.37847245092,969.386643146628,2158.51944130924,0.0742965228965311,59.8041174047233,859.080655476351,1093.85592367928,FALSE
"185",990.836994123445,66.5159053296646,866.141205815247,1133.48486636138,1019.18840570765,2333.31139131411,0.0851613059397064,62.3055116160382,904.205063448677,1148.7936180838,FALSE
"186",1008.86297903514,71.6706303896412,874.893001062044,1163.34741417765,1028.70589123728,2219.74095082937,0.121092585665346,62.4233476431449,913.453726299604,1158.49963736335,FALSE
"187",986.241887056434,75.010669985547,846.429473827924,1149.14838135986,993.303111568354,2089.9443765495,0.108642109917669,60.7473864704486,881.197963308885,1119.67016780942,FALSE
"188",918.245455409225,61.1063044539254,803.849567760601,1048.92102975019,940.261385892027,1948.38162923151,0.104344559737572,58.0503173828381,833.195043937043,1061.08585286592,FALSE
"189",1071.45450013021,66.9669171373596,945.552094755754,1214.1210962531,1088.00332342352,2406.99996232857,0.0541357583494306,63.7973286584841,969.976203139805,1220.3920343085,FALSE
"190",962.56744228677,71.7930410979682,828.619888936465,1118.16780326104,969.349516866449,2042.14799624735,0.12477423698427,59.5594828022575,859.467601196844,1093.27970541383,FALSE
"191",999.177678597789,70.3891973784804,867.525343973377,1150.80906897252,1012.65831559406,2222.57811412356,0.0909738359477708,61.8223242286047,898.557332858136,1141.24811700102,FALSE
"192",927.747538137166,70.2624927428694,796.821188362518,1080.18650494016,940.585578002011,1958.81534515224,0.107968721606012,58.5473403542221,832.656649279238,1062.50425107539,FALSE
"193",964.00298398459,57.8718726046184,855.432181126323,1086.35351069866,989.656340735582,2163.09766628437,0.125176549452706,61.0470196010474,877.057022680582,1116.71151068913,FALSE
"194",992.503297591133,64.6496420109692,871.615238697612,1130.15784028877,1001.44655865761,2165.65492738784,0.0823262928223732,62.4709016359575,886.300120460386,1131.55260469357,FALSE
"195",1002.06745624834,66.045123267923,878.25897527008,1143.32926294687,1010.38928244073,2088.16769914126,0.113240631003278,60.3711246996101,898.823538094373,1135.80303452611,FALSE
"196",1062.90866017388,62.5611823188085,945.345137129828,1195.09243291055,1074.3091538198,2334.06908136701,0.074800436382409,63.7573726395748,956.438697923253,1206.7058353944,FALSE
"197",1010.57276534534,58.11996564688,901.471048559089,1132.87866059603,1017.69567520357,2256.20048956266,0.0922861651224837,62.5018958823971,902.382123428068,1147.74490810335,FALSE
"198",1026.39089545386,63.0319055284111,907.774240401335,1160.50690070784,1033.75080730947,2312.88336592365,0.0882392663543163,61.4318785436761,920.188423095462,1161.3281636582,FALSE
"199",1019.8902187324,74.8310308776967,880.1139714685,1181.8651810861,1031.59684397923,2211.09243100213,0.0730580731385285,62.1842939389979,916.7404512271,1160.84334130062,FALSE
"200",1055.11502934412,83.5914955704406,899.349817203365,1237.85839931528,1067.67298604976,2413.09996049419,0.13229875193548,64.1531567661883,949.157469504064,1200.98681384872,FALSE
"201",931.621981264522,58.5616628170616,822.003386993383,1055.85880752851,941.689210637944,1985.97036701811,0.126685281395174,59.1488274281577,832.712427944724,1064.92774656989,FALSE
"202",1035.77564726404,75.9632792024448,894.120960702179,1199.87254366872,1046.01017703259,2324.69712440988,0.108425129285505,64.6444052808352,926.789245949637,1180.56752949764,FALSE
"203",1003.65074449515,78.1254904246312,858.029834096114,1173.98577170317,1013.23993418335,2194.66313754566,0.143212800559185,61.4299853170815,899.815744078512,1140.9615479392,FALSE
"204",1039.32820042757,73.3084750948523,902.074027302894,1197.46614524942,1047.23379039211,2252.13204318218,0.0676239178608333,62.2264890914597,932.201776932442,1176.46054628632,FALSE
"205",950.013443966203,76.0262219704872,808.492831139616,1116.30617978933,967.095794552797,2015.82880091816,0.138641022535609,58.8230242649297,858.506245861373,1089.42046764413,FALSE
"206",951.974445624095,71.090157006226,819.352438969744,1106.0629126348,971.363192423088,2048.27125636875,0.119451226306742,59.7032702871954,861.218249855522,1095.59505009637,FALSE
"207",1011.7835329863,67.0330690119876,886.2107059545,1155.149571929,1021.76203617856,2261.1032642198,0.106371282314185,62.4289440744599,906.54712474081,1151.61984422404,FALSE
"208",979.099907907832,73.8359375731561,841.370615108694,1139.37498226187,987.191790399055,2064.63165182714,0.124185258443766,60.0737985459895,876.296422564396,1112.1209740642,FALSE
"209",946.207463156411,61.3849575813475,831.26222117986,1077.04709840191,952.969562830828,1924.30515145324,0.102663015434035,58.3597605630702,845.279443269849,1074.37959708203,FALSE
"210",1048.38898782773,73.6284337587804,910.607693354196,1207.01755302536,1058.30003359887,2399.69495719817,0.157497052960596,64.1140763124196,939.91466218696,1191.59643547787,FALSE
"211",984.833096820178,66.1938993298736,861.211426922677,1126.19990663397,992.065616346903,2094.5522635396,0.101496304671129,61.9803404735722,877.834150473967,1121.16188075659,FALSE
"212",1039.20068304605,77.3308543558777,894.619017109443,1207.14856155495,1046.24213632406,2276.8253014436,0.119705902751743,62.0601907578037,931.505908231613,1175.11075146908,FALSE
"213",924.719663124041,64.7309300746861,803.818840797948,1063.80494206801,938.595491495553,1942.74849693806,0.132991302808324,58.5366934060127,830.699054760804,1060.5061984926,FALSE
"214",1059.06396852454,70.7157395642416,926.342173195438,1210.80149633899,1069.098688509,2459.53921630519,0.0781541137583667,63.884389922678,951.041020026014,1201.81146943629,FALSE
"215",926.448669322183,82.5017695239889,773.717968413423,1109.32816856881,932.860502385689,1938.11037594747,0.147990345631847,57.0678693768202,827.547544411914,1051.57549289775,FALSE
"216",913.906952096641,65.1953477744136,792.038392277396,1054.52705984239,925.664288949622,1829.52848402543,0.065646909866708,56.3680838729545,821.613886180323,1042.89178925653,FALSE
"217",1051.06731600618,73.4783271662622,913.337634246283,1209.56638744894,1059.49164269125,2392.83745359049,0.0942046623790483,63.0899274679366,942.878166391086,1190.5276640662,FALSE
"218",998.052563285965,73.6292515144846,860.44175080408,1157.67153110693,1007.3258596867,2192.16390195459,0.0645135673343185,60.8973882953716,894.865856550433,1133.91898927185,FALSE
"219",976.893742176589,77.2469305634262,833.257574325809,1145.28977942496,994.815312180126,2156.58914811121,0.101283954921189,61.8979940260102,880.706806560893,1123.70825111775,FALSE
"220",909.884409235645,67.2951230110458,784.688303647234,1055.05540776136,922.927725500152,1982.2381494038,0.109264384613378,59.8360691648818,812.904819026491,1047.84172336064,FALSE
"221",963.679484398994,71.5934977685915,829.951736550385,1118.95440150709,990.531197944712,2088.80271471764,0.144669087475074,59.8342669239878,880.029204795156,1114.90851525793,FALSE
"222",1111.8216728881,79.0910261776893,963.423114058104,1283.07844628808,1120.99398439375,2530.12015172915,0.140834589075744,64.5100972988663,1001.51964990819,1254.72077673381,FALSE
"223",1050.28029035362,87.9116032745914,886.709935350721,1244.02427933661,1059.00635834146,2331.75705458625,0.0988916353776204,62.2467467256182,943.863948625841,1188.195045102,FALSE
"224",981.580783560436,63.6949303779947,862.448155608683,1117.16956942776,988.48305912708,2151.47567774019,0.109742378227068,61.8987434377164,874.41820088308,1117.42728730309,FALSE
"225",992.691406497753,73.6308004464864,855.280434864149,1152.1790846192,998.949409527584,2207.86973641171,0.112145851912074,61.6661048968955,885.213366267472,1127.29875171585,FALSE
"226",984.172182448691,71.8254501061679,849.906557115362,1139.64867854802,992.665440090267,2196.14688633297,0.120933654550972,60.7028678907583,880.641832162921,1118.93920997305,FALSE
"227",1077.30274624409,80.1356965269746,927.846537135752,1250.83315032651,1084.48241494406,2396.14522602586,0.10119950824318,65.769821772181,963.047439586311,1221.22967153946,FALSE
"228",978.026633921845,67.3054398158494,852.161155566251,1122.48263185018,992.444441038877,2055.48144745749,0.142899221898385,60.4489715160652,880.86267936324,1118.16063005527,FALSE
"229",979.425822489572,65.046237755999,857.80303685688,1118.29277881121,996.511275779252,2242.14286268911,0.0685142272034096,62.7312969554416,880.950026800129,1127.23161648815,FALSE
"230",982.953216115304,67.478351334964,856.417208125178,1128.18497328722,1002.3270323716,2130.5278909504,0.150017597365114,59.6796950703115,892.016246901959,1126.27935120254,FALSE
"231",1023.87574240867,79.3561595055823,875.901373485665,1196.84883210205,1032.08714347772,2295.82685528189,0.088207904347474,62.566100069873,916.564510173643,1162.17010358626,FALSE
"232",963.577712712079,72.9056302692607,827.661406675421,1121.81382500968,981.711169162064,2059.47470024852,0.0765110007715025,60.1901764337442,870.651276915013,1106.93781220012,FALSE
"233",976.44933236201,70.6687193537288,844.291735929997,1129.29365300488,985.51934958719,2053.63849145054,0.0774841405748827,59.256842746018,876.053600359846,1108.66320052998,FALSE
"234",968.142352264678,75.3269467218945,827.804274126093,1132.27201591594,985.495809723516,2126.3600800957,0.125302067414264,60.5143562885324,873.848073228937,1111.40828793493,FALSE
"235",1020.93419479457,69.8509269316821,889.943179803885,1171.20581825295,1028.66537581878,2238.57456073126,0.132971782217658,61.2374417633858,915.474143550788,1155.85182046126,FALSE
"236",968.043049355886,70.8198644233825,835.750109111561,1121.27696447737,974.448380534357,2037.40545998935,0.145683234170214,59.3127909250328,864.959428481102,1097.79674636702,FALSE
"237",1008.89639726516,78.3021097066548,863.014715461001,1179.43752543188,1015.71060579295,2081.85246550422,0.122714270506195,60.9999044333857,903.016959274983,1142.46806122953,FALSE
"238",996.034329531367,70.4111299200136,864.338097033632,1147.79666545972,1004.87196741756,2149.75698646263,0.148197202536128,60.9448163848145,892.346044139542,1131.58754670709,FALSE
"239",1045.37412974448,70.0291204920931,914.020773521888,1195.60419499903,1064.98201319795,2304.07385789719,0.0892770214632831,62.8766793484288,948.704438334804,1195.51110188324,FALSE
"240",954.849259411252,77.8126507218085,810.277137965155,1125.21638027189,966.859898474722,2033.99529955083,0.0973080961755927,59.7181843162167,856.720285556061,1091.159015421,FALSE
"241",975.232623569387,78.5941937274948,828.967178559724,1147.30558057373,996.10367719499,2139.38746283668,0.136536021178967,60.5267967290678,884.362180300675,1121.96400730754,FALSE
"242",937.539481284345,56.2972528343252,832.035846532652,1056.42116578258,946.998804844594,1928.85548450173,0.0962461408108369,58.5508083561666,839.018897868773,1068.87549095152,FALSE
"243",1002.97934740755,65.7538402483592,879.553396044566,1143.72541320402,1014.27996659795,2205.38176087627,0.0970090894044131,60.7330352739383,902.059563986429,1140.46110890458,FALSE
"244",926.991403432626,66.9359946928361,802.30753407914,1071.05196640622,952.305449939814,1925.94363945131,0.0996768757392826,59.8832716031473,841.983258275039,1077.08278172062,FALSE
"245",1022.33509446475,69.1447200395938,892.690750772826,1170.80752149544,1038.42925384987,2292.02743650124,0.0684104548082628,62.2165682787319,923.471734798492,1167.69715262212,FALSE
"246",908.611110893904,53.5502815638917,808.167359687295,1021.53859710357,919.583593351305,1854.08494663451,0.0476097795851385,56.8401886835563,814.756668649558,1037.89759286355,FALSE
"247",1057.51775178374,67.0204702014738,931.862044364652,1200.11733721833,1064.55673792236,2308.81700437681,0.119495354557843,63.9709184346775,946.378434834917,1197.49246870104,FALSE
"248",1025.70673411495,78.1395482545412,879.999394932222,1195.53980430838,1035.87950915637,2286.31017252683,0.157068860804522,63.0977384554971,919.408784710777,1167.10474745745,FALSE
"249",896.927119353309,73.6556296647313,760.411950201617,1057.95057168437,903.318802607541,1804.28456152112,0.164444401343871,57.4964323609006,797.474209832615,1023.21159616634,FALSE
"250",1005.50093732586,61.2763076603531,890.3483237776,1135.54673824008,1019.11409504287,2185.89009412724,0.0748387282704824,60.8848895343228,906.598090894529,1145.59422653348,FALSE
"251",985.081532288977,83.3507933023413,830.335270979361,1168.66723499804,1001.49471508031,2134.64919468901,0.148964610323866,60.5405084792971,889.693285509333,1127.34543540992,FALSE
"252",1016.08626974024,66.5861492952327,891.201522636906,1158.47121142685,1026.13932441529,2213.08896416436,0.0892666519134489,61.5801397519321,912.368680363419,1154.09695200414,FALSE
"253",962.784206906916,63.0502087654295,844.52697158637,1097.60074012578,982.352363098181,2076.89857579814,0.0927752583622832,59.3560496371678,872.735288287917,1105.73753374599,FALSE
"254",1047.34364830973,64.746209358087,925.647172017392,1185.03977629409,1061.16338243052,2369.1341381116,0.0814214328896634,63.1338006960737,944.462762612109,1192.28387691751,FALSE
"255",1069.4097950452,81.3274245219168,917.389591465058,1246.62119603107,1080.77831575802,2529.16671358856,0.0859654441649482,64.3994196246057,961.748977139206,1214.53913191287,FALSE
"256",969.652449528129,61.2068445050044,854.820844163638,1099.9098574811,978.515806155041,2073.38918214381,0.0815707181996801,59.5194798335237,868.640778083281,1102.28900951211,FALSE
"257",1034.23740703958,74.982309668846,894.202134086845,1196.2027078053,1060.77809713978,2446.03170364195,0.0934573530340613,65.1963151102632,940.498882981659,1196.43966806651,FALSE
"258",971.57538013351,69.911073998862,840.821699350296,1122.66217678608,978.105519137362,2083.45706332814,0.14237555223279,59.3906552427384,868.456799871395,1101.59815284841,FALSE
"259",1080.69542101144,76.9500497621386,936.502498878666,1247.08967076275,1090.62564253462,2434.33859173975,0.0694722948607304,63.9463742431984,972.322277307208,1223.32308938576,FALSE
"260",1058.28139564823,73.205651101783,921.31099231411,1215.61505476246,1069.69855621138,2333.86247490929,0.0617291465090695,64.2840463162372,950.942243384493,1203.28548775811,FALSE
"261",1013.236441793,76.2044801007632,871.004893797472,1178.69382168598,1022.15075095255,2190.53177059367,0.112094600699588,61.6728195058031,908.245447457076,1150.34119972536,FALSE
"262",993.57954751241,77.5422777936956,849.023282692836,1162.74822770923,1018.59952051202,2272.8869690572,0.139153047194444,62.007193310592,904.137591591432,1147.55209034177,FALSE
"263",945.912161414762,82.7846406976729,792.579061490291,1128.90922885339,963.282590488726,2079.7283715155,0.123407448432812,59.474052400189,853.590627128917,1087.07068663551,FALSE
"264",1007.03848396503,69.7228896325673,876.758264848863,1156.67744331033,1018.91542914715,2189.408221825,0.129512310428069,62.6661925845535,903.308779392317,1149.31757051286,FALSE
"265",1001.8051535801,78.0493816762257,856.586223432864,1171.64336558854,1012.456630361,2216.06713552074,0.104839562942405,62.8569763297307,896.564561200223,1143.32918422485,FALSE
"266",1066.82143642807,69.3362909243205,936.558527165621,1215.20219421501,1076.37564853324,2413.85003677718,0.0761151092218018,63.4988335731165,958.942080028871,1208.19031814776,FALSE
"267",956.515459275291,79.5268125588388,809.011565703195,1130.91315701694,983.175062973483,2074.83199600449,0.0878035764513794,61.0513946459163,870.613415702697,1110.28981063049,FALSE
"268",1018.72869832047,82.4856171194437,865.443775654534,1199.16300743723,1033.69329296085,2271.95100054267,0.111880370947296,63.5106895320112,916.52150235424,1165.84479596777,FALSE
"269",957.45115020143,68.4980202631593,829.603414808541,1105.00112301684,964.526908852554,2013.22214055221,0.11846954867762,59.8609871156416,854.156371798006,1089.1590680783,FALSE
"270",991.72210488592,55.4115738774535,887.584522154606,1108.0778323307,1020.52184702897,1083.99219145162,0.0980341167581166,51.7867192742238,923.96510719528,1127.16901553222,FALSE
"271",970.579617281443,71.0438303140169,837.652921881749,1124.60037907583,995.541886874951,2143.16966223329,0.0823922162044281,59.6681606813137,885.295373590239,1119.51748319118,FALSE
"272",1078.4098008433,87.980227226628,914.611492179926,1271.54284469248,1092.7450189155,2427.5243020973,0.102310367404493,64.4399429246733,973.568332427055,1226.5103913023,FALSE
"273",997.562414819474,74.4085196922707,858.776411559267,1158.7774862768,1008.79165826106,2186.91935481912,0.0694755591534958,61.9836099958945,894.437522634481,1137.76600827263,FALSE
"274",1049.47852365474,74.8749284738894,909.366118354614,1211.17902831632,1075.46914336664,2316.15217547,0.0815689145634826,63.5462927466515,957.958702057059,1207.39430191521,FALSE
"275",1027.55783411354,74.5036460863512,888.074318873077,1188.9490327656,1044.77388865171,2277.70011457762,0.0925022655247542,61.7840000850242,930.527850003836,1173.04654385565,FALSE
"276",1003.75227428218,70.2821571755328,872.147270358506,1155.21616860934,1012.72860112958,2249.68223634092,0.112395400372232,61.4305878044818,899.306796251166,1140.4553193874,FALSE
"277",932.575167272647,68.6277784911137,804.67033104745,1080.8108725489,940.485608863231,1932.34566423833,0.0719612513440648,58.8607377687361,832.015387912126,1063.09714138636,FALSE
"278",1005.09802836839,69.2395825701363,875.532453154599,1153.83735119141,1011.09653182791,2161.40128908787,0.0775152934388326,61.3894155440624,897.757150663167,1138.74469940924,FALSE
"279",1075.83654530192,80.6554241764259,924.888239426941,1251.42068291874,1089.14640937538,2506.40960162791,0.128304463271308,63.965722190575,970.818636661206,1221.89650698811,FALSE
"280",988.628911613039,70.8933382170495,856.159947044547,1141.59407742807,995.994893560532,2129.07776777075,0.094982645579254,60.8806729262824,883.640281181746,1122.63536319551,FALSE
"281",1006.37748757279,76.6963953965544,863.318018258083,1173.14318255147,1013.35673020782,2176.17943066943,0.122637901291051,61.4056824576819,899.973942929868,1141.02399377746,FALSE
"282",977.359149783545,73.5155392292175,839.960425063822,1137.23323047396,991.021664107647,2092.49747032241,0.113087224178389,59.1621006235136,881.684547369553,1113.91760427331,FALSE
"283",952.383051593654,68.8523401868462,823.681116845489,1101.19493868765,964.682183355337,1949.6642616355,0.0659084086275168,58.1578361887298,857.263572698618,1085.56078261171,FALSE
"284",984.134235289597,68.7523071596069,855.44999687296,1132.17627752575,1006.34310175256,2151.50243649943,0.0958151135580656,60.7806965565886,894.092281448628,1132.68670299237,FALSE
"285",979.121775738967,65.1290027682015,857.005199270535,1118.63901472504,993.003917126909,2190.09206375669,0.122028016976664,60.5360844854811,881.267252613378,1118.90777344246,FALSE
"286",1079.68050518805,76.659696113371,936.004029306431,1245.41129822583,1087.36927437834,2522.28915312912,0.145515293109212,64.4953312519422,968.130506588285,1221.29395863042,FALSE
"287",1039.92358840216,78.2717517181836,893.504560085029,1210.33637434633,1067.32916726269,2510.53663819804,0.142465648231829,63.7193710485145,949.569989470996,1199.69203315315,FALSE
"288",951.719507189495,75.2341345465254,811.726163091713,1115.85662942674,973.160768099854,2027.55625630074,0.183830058374904,59.7468565568602,862.927925870157,1097.47506388059,FALSE
"289",932.76639034168,79.5777718695284,785.215860384795,1108.04325644247,946.478620943696,2030.94658994984,0.101119455759496,58.9288374924357,837.84808772484,1069.1935602981,FALSE
"290",1028.19395670545,71.8460300907825,893.812433151874,1182.77926485944,1037.30864870845,2233.81489103992,0.108356174734686,62.6807192555959,921.552118043384,1167.60540355538,FALSE
"291",967.337347766199,76.4933034916388,824.80323642818,1134.50275539119,977.880885239921,2108.47968899663,0.105635802092011,59.5561834810544,867.946469302729,1101.73963434153,FALSE
"292",945.946579183859,71.4077153805805,813.166707245077,1100.40773029332,953.066131159462,1977.85708331121,0.0692178689616602,60.5381044970891,841.607735099051,1079.28552992251,FALSE
"293",1057.38894378641,80.5095293310617,906.805394195152,1232.97830559787,1067.03509088281,2359.22553273239,0.0760045151049305,62.2525486754733,951.832239882174,1196.18125702092,FALSE
"294",1010.27899574983,69.0829548458029,880.657241539737,1158.97945433203,1019.04392111457,2181.46619255549,0.11088946766197,60.2125130817265,907.69836231077,1144.04801890016,FALSE
"295",1034.32631790086,78.8336345717969,887.071958325562,1206.02496997172,1041.9991698595,2280.91399596007,0.109604875034571,61.9573764000521,927.469192207949,1170.67206017173,FALSE
"296",932.162665507174,62.7859429634357,814.709979634179,1066.54792096152,940.514992396178,1867.26014999838,0.0705999392998996,57.6075010650835,834.214170515976,1060.36133427806,FALSE
"297",999.399580703408,69.7225700508016,869.007947867636,1149.35602644486,1019.93574703802,2313.89267927198,0.0775908729386601,62.9998913298587,903.743997805887,1151.06593306463,FALSE
"298",1093.72774070856,83.3823870989459,937.976244486598,1275.34186268247,1103.35742703051,2462.38453130716,0.150422050788221,64.8623320161658,983.377710351734,1237.97560079733,FALSE
"299",924.295101825906,64.6981957576569,803.199564836365,1063.64778152415,930.1123597309,1947.6133784665,0.120510410770269,57.1215307948387,824.725211320092,1048.96635855166,FALSE
"300",952.05069555622,68.4100219957507,824.242902893097,1099.67647125333,959.607373194827,1997.69246239714,0.13305987969869,58.9001035906231,850.935149425717,1082.15803673328,FALSE
"301",1006.81041082895,66.525278486921,881.943092399718,1149.35670123049,1014.95518898234,2224.20734089,0.0755442916626188,60.8229166157367,902.574117175876,1141.32902333321,FALSE
"302",984.268325013362,83.0402892182505,830.18861565071,1166.94461639331,1009.92618474471,2213.28456710995,0.109294056967269,61.9956966905564,895.543300890146,1138.91857336123,FALSE
"303",973.328987291696,72.3178635196039,838.262135167575,1130.1587865625,979.284662533017,2129.82644389704,0.112517069741175,59.9652783220387,868.631240788968,1104.03403105944,FALSE
"304",942.851869260293,66.1399043351544,819.309856928427,1085.02252212656,962.264160367298,2078.78959079019,0.136456699476674,60.2370491056325,851.259149529695,1087.74433125207,FALSE
"305",1048.09647558543,72.8767359792589,911.660016566474,1204.95162908629,1055.72101663009,2347.89543121689,0.122590865221269,63.5417650257994,938.346705202631,1187.7772456331,FALSE
"306",1037.67869667591,71.6276498029868,903.620654559103,1191.62512731674,1045.48630937459,2277.071385723,0.0687956426769267,63.0546547763024,929.025976581687,1176.54581318759,FALSE
"307",1050.0868403798,81.3055860269607,898.201018668056,1227.65655952383,1059.29445454122,2384.00048528047,0.128477400404044,62.6246934657245,943.49192880053,1189.3103768766,FALSE
"308",1057.32334822858,87.1074764833795,895.233670147728,1248.76074257219,1081.3952885931,2526.07511132283,0.133831987201848,64.9405230383311,961.42113005032,1216.34082468122,FALSE
"309",974.849620266035,73.6803296816317,837.179408808418,1135.15904970174,987.121552452558,2202.72605613339,0.156674406552029,60.0448878381875,876.276819599833,1111.98760200153,FALSE
"310",946.479416898689,73.2444024369994,810.085343269247,1105.83816144312,957.383807918365,1952.63645186592,0.122849165090862,58.8002091318375,848.899989107753,1079.73114315581,FALSE
"311",917.754972746264,71.1903701225493,785.090712142688,1072.83677793327,936.207262457188,1935.04039646016,0.146914316228991,57.5500247733822,830.035631025189,1055.95953416485,FALSE
"312",1061.19147558236,76.8119687901184,917.393940813149,1227.52865235899,1085.70282449908,2494.52762378935,0.120207253488524,64.5565570944879,966.36824767759,1219.77375183641,FALSE
"313",1048.12582993665,71.6203493109525,913.668504785081,1202.37016995436,1058.9472409724,2362.38948551813,0.0676148619238606,62.2886495441795,943.732198578173,1188.2282504004,FALSE
"314",977.258465796162,65.7197464375727,854.238608183352,1117.99455072778,1006.03930655425,2140.59194122457,0.0915364856566778,61.2804944890118,892.923035967415,1133.48524515958,FALSE
"315",1033.35156650366,68.0084636221279,905.589834107722,1179.13808191949,1043.25418200086,2166.85820898604,0.0918400927839988,60.5578912374109,931.154806263984,1168.84891850488,FALSE
"316",967.416485861467,68.063077198145,840.252720804801,1113.82520275584,977.868588889102,2053.63107968154,0.0929201178269246,60.2401462608043,866.74856831021,1103.23456201399,FALSE
"317",1077.20854386731,77.3733343451321,932.372533776957,1244.54357560293,1084.90613495086,2467.80955308864,0.112521880443391,64.5786792931602,965.538219820937,1219.03131071527,FALSE
"318",952.708289603652,65.8815742133584,829.5598645437,1094.13813743119,959.919668789782,1964.68490601999,0.0910679962627126,59.0142457848622,851.047495381212,1082.71956092972,FALSE
"319",1051.61821628893,81.4804401996943,899.408206505575,1229.58726063599,1063.63677704285,2299.10731519465,0.139076345842903,62.0293780212507,948.844263748893,1192.31705001645,FALSE
"320",1094.28248280955,64.538338030075,972.71232518806,1231.04655012192,1102.16941471539,2546.80606709897,0.0464693179207208,64.6844732913662,982.507107458325,1236.40573133014,FALSE
"321",932.397357742242,79.571113933752,784.709001552718,1107.88181479311,959.453016115035,1963.24787741005,0.0957063068384001,57.8802730101002,852.551219316202,1079.75927929653,FALSE
"322",983.612476602768,80.5123272098731,833.831456431115,1160.29863909141,1010.35005481502,2128.42623027145,0.130451818371381,60.4832653009061,898.589588621567,1136.01052826645,FALSE
"323",1002.31670586658,72.0029371873475,867.429745672454,1158.17884257637,1008.63645869295,2168.79438621182,0.091108232573438,59.8434342057692,898.000054182165,1132.90361294152,FALSE
"324",991.034984045326,71.1477312988767,857.934896615593,1144.78422952154,998.289517262337,2064.74206324822,0.113085496326076,59.6200157781783,888.108751854345,1122.1395557639,FALSE
"325",965.619257115605,63.7916171422886,846.175969273654,1101.92274842415,972.388450904109,2007.00815349615,0.094173492082818,59.3848460581856,862.788481650105,1095.91089770151,FALSE
"326",976.198586089232,65.7700291984375,853.239406886785,1116.87724663315,982.146321907141,2137.5216911748,0.0624109119273872,61.3728318058616,869.035900918137,1109.97876683416,FALSE
"327",999.670011184656,69.9970534925954,868.694992159214,1150.39241653505,1017.11508319118,2261.94089155991,0.115312087890127,62.0999609241045,902.502304903258,1146.28304751631,FALSE
"328",957.729566410903,67.8011836584668,831.035237342909,1103.73890439393,980.351998011933,2089.97367663607,0.128238026135705,60.3931731096877,868.949705952611,1106.03644079995,FALSE
"329",940.829246515403,59.2352113472666,829.705118347527,1066.83645975532,952.565473899851,2031.05485158803,0.0833772119995722,58.583607033098,844.490171508516,1074.47192718086,FALSE
"330",1047.98520203626,68.2501442876382,919.96840231966,1193.81598424222,1063.80325333568,2337.79996726675,0.115168446884735,63.5527441655431,946.356802886066,1195.82525148692,FALSE
"331",916.987726114121,66.9673537302793,792.081104301275,1061.5914017867,927.419800921354,1854.35021824995,0.107202487062456,57.5038677499633,821.389156006683,1047.13762149303,FALSE
"332",1070.66164201464,65.9282372197489,946.672838612034,1210.88966000351,1086.68848713783,2411.46710676877,0.0948495271295537,63.7817975600342,968.696704740137,1219.05221964669,FALSE
"333",1054.84923650514,71.0585430820568,921.662619584999,1207.28223984661,1065.44417313533,2351.77694319163,0.0881259201016711,63.6424654619133,947.831010047087,1197.65155817347,FALSE
"334",978.392581612134,71.1916351452958,845.396353899613,1132.31153569338,984.678816952248,2062.93594120911,0.132731964547245,59.8680031214042,874.157480210051,1109.17356941394,FALSE
"335",1054.54218536323,63.7150125605498,934.683906724694,1189.77037339556,1069.09410835565,2456.14331511259,0.0782318196708618,63.7617267988366,951.249790630279,1201.53741296853,FALSE
"336",954.485707465135,65.4574043788316,832.052250656074,1094.93480131429,967.408029021388,2023.90071793598,0.0842258324495541,59.4671800341576,857.699428301479,1091.14949099172,FALSE
"337",989.395546685173,65.6799335510004,866.185698612905,1130.13127481561,999.844042892183,2140.87352015631,0.0682808920838424,60.0340728837726,888.933293240286,1124.59294494751,FALSE
"338",993.606796372922,73.85269646291,855.659356215815,1153.79380664361,998.55614310667,2158.6421399702,0.143718484133949,60.6063907795032,886.660016098036,1124.57351502565,FALSE
"339",1001.84520730538,73.9156372837422,863.467256652437,1162.39939808716,1008.80444793496,2160.6387806086,0.146933403276807,59.5599606687134,898.66046809476,1132.44818293938,FALSE
"340",1011.03690798832,71.2524352559979,877.452264945875,1164.95867655848,1018.14069971505,2209.72790171557,0.0758912796007847,60.3350706911916,906.587552867161,1143.42015962814,FALSE
"341",996.101314251124,65.5331428644237,873.062632764732,1136.47955028238,1024.04376346043,2136.8885882052,0.0476287951356415,60.2140340484741,912.663812756609,1149.01633528649,FALSE
"342",1016.85194989018,67.0354282579742,891.225871979382,1160.18612172805,1027.43897640414,2210.04639141796,0.0589296251056031,61.9919335234182,912.94429667192,1156.29272682093,FALSE
"343",993.590451059635,73.2413971855437,856.801205061118,1152.21824923375,1008.51684191849,2121.82232477049,0.0915148834505674,60.838282266168,896.151557205186,1134.97121358053,FALSE
"344",987.27103937782,76.2220937617318,845.189671002915,1153.23712373054,999.174176352964,2140.24783927627,0.163225144700942,60.8351172423447,886.87699613002,1125.69052872836,FALSE
"345",967.548709225842,72.1017250833592,833.072248094629,1123.73267368553,981.897378561504,2048.87553963539,0.170732242378207,60.1963844274517,870.825449351328,1107.1362955046,FALSE
"346",1005.15909210336,75.301838884718,864.582811350905,1168.59228193467,1013.19450970877,2108.82854459642,0.110859592904401,60.7328700749473,900.981507225513,1139.383113051,FALSE
"347",985.665128440135,71.4679193030455,852.104852460929,1140.15985546503,995.729430220522,2185.34767664713,0.119723949948241,61.0145286655677,883.144559526545,1122.66682448774,FALSE
"348",981.028393522299,66.8695063407294,855.630796129967,1124.80372755395,1007.33574279848,2110.18554396601,0.0408497439689903,59.7376920512589,896.891735721636,1131.37991833866,FALSE
"349",956.075817410855,64.9598771215709,834.617961290891,1095.20883929222,982.947405708314,2031.98077506078,0.137458124677222,60.3198145045573,871.65433654482,1108.45040502936,FALSE
"350",959.957839567235,78.9379968189672,813.378793640338,1132.95190500636,982.150019060394,2040.45470585079,0.113448350100016,60.2784289630735,870.934152856403,1107.5678416981,FALSE
"351",1036.39538188106,69.9513711159557,905.378801796673,1186.37125748125,1053.32458409432,2290.61557608481,0.0803987975677594,63.2848301813592,936.41252288902,1184.83323571374,FALSE
"352",938.640274662667,76.3980037014073,796.709925921674,1105.85488714675,944.639393110602,1903.53606446731,0.1475908619677,58.1274663511055,837.409094714512,1065.6005393882,FALSE
"353",966.690103214093,66.1943323491171,842.88357538352,1108.68189029176,989.78111180354,2129.47065937,0.0758423349236595,60.9843764568638,877.289436802642,1116.69719044325,FALSE
"354",1013.52057991577,69.2250930790836,883.780497568063,1162.30666861223,1022.70959817914,2317.9372086082,0.0687259244377595,62.1402815466951,907.98901449341,1151.92464392457,FALSE
"355",983.709182909521,77.3083298851,839.762147405697,1152.33076357396,1011.46752116193,2172.63813275515,0.100737285966999,61.6628358723708,897.651243833066,1139.71495432553,FALSE
"356",964.830523437652,79.0103746309108,817.987587478031,1138.0343090866,969.420202147379,2020.59165522202,0.151903620794209,59.2672337750535,860.044395082433,1092.70583437892,FALSE
"357",950.804546523506,55.1382955363453,847.175090123363,1067.11032492484,971.721536260934,2112.99298757116,0.10084670569631,59.4568041479942,862.001336767794,1095.40751708564,FALSE
"358",1034.23623144635,64.3375336684466,913.340684499895,1171.13427726263,1041.64882939704,2342.65955950866,0.114698598789057,62.5474644254607,926.09504144782,1171.62087606896,FALSE
"359",1057.90787809606,76.5337508124551,914.719989478703,1223.5100264678,1067.81873941312,2311.91220308844,0.119382252304949,63.1302332853679,951.081565917061,1198.8844081342,FALSE
"360",975.383135056145,65.0393230276027,853.417826581444,1114.77898693878,987.663482309816,2147.11587848874,0.10278151911483,59.9309269383909,877.012859961821,1112.27462996474,FALSE
"361",972.455760189446,81.8924200835239,820.857784424136,1152.05121212203,984.583812388951,2078.04670851011,0.155189452415907,62.1411587550154,870.128160324295,1114.09482857912,FALSE
"362",946.055596982276,68.843266612094,817.748290455067,1094.4947278134,955.106958765836,1924.27494052581,0.0795822044246546,59.4307359434843,845.547213244342,1078.86264468039,FALSE
"363",1043.31086261555,66.5390160718874,918.307525990486,1185.33010483341,1056.93750674056,2430.81846734578,0.115474805195167,63.4568772923439,939.702672305314,1188.79825084927,FALSE
"364",951.613986751972,61.4417213948945,836.402321945172,1082.69567888806,968.866334373744,2093.28962865158,0.0731049550015872,59.4849187109706,859.116959246825,1092.63583238511,FALSE
"365",999.124252489069,69.4433026079313,869.189236673069,1148.48324138569,1005.516152728,2151.61257014633,0.124537417209313,61.0629518981525,892.780869282581,1132.48700569647,FALSE
"366",935.161562146646,66.5327611270378,810.781583173341,1078.62236324328,961.139307743526,2113.73973645407,0.115088678118716,59.7299199745636,851.019395455829,1085.50847821147,FALSE
"367",926.767868679055,61.3221960197479,811.999264616869,1057.75795600157,940.414979769504,1875.13582417338,0.0828987868968671,57.6469390413283,834.046477700598,1060.34898272462,FALSE
"368",1033.61786958418,77.3636824779952,888.976211149066,1201.7935766164,1053.95291243659,2292.83336942592,0.132227522022094,62.2181857910421,938.892295829388,1183.11412988249,FALSE
"369",963.074398072167,80.9620323393273,812.951814071929,1140.9191543301,972.183828910832,2010.73729141775,0.180853934830819,60.0089910024505,861.503596214414,1097.08351926658,FALSE
"370",923.181649942063,64.8521841730523,802.119154225351,1062.51590465113,933.617802910811,1943.14041542846,0.10027651997183,58.6683279298672,825.529330225142,1055.85855038523,FALSE
"371",975.322287191095,71.5815616940986,841.673882279755,1130.19256498147,981.293904905073,2115.7391923644,0.108109601918207,60.3993097098594,869.874470902675,1106.98469723407,FALSE
"372",1013.9264283036,83.2705081272795,859.167939580851,1196.56094536538,1027.55851385102,2305.90022552851,0.128743255296028,63.0043187990072,911.306462153395,1158.64041706969,FALSE
"373",1026.07987715822,69.6602105747462,895.831123094437,1175.26605982637,1046.56433808611,2304.16521910883,0.090553209783425,64.2295940602813,928.058184611314,1180.20284925598,FALSE
"374",1098.30956064704,81.4001814527622,946.275634040797,1274.77010673689,1110.39702943927,2524.6999408944,0.0955505429657764,66.4425895302912,987.621712578335,1248.43505087456,FALSE
"375",1114.19106102246,76.8137312384549,970.02907821114,1279.77784207428,1136.28129592277,2685.77966573613,0.0936544326155502,66.6059427375979,1013.05576327479,1274.4956697055,FALSE
"376",970.278278745781,71.3608388856887,837.05630762867,1124.70323636043,981.047449262873,2068.51709666895,0.108130151580566,60.0191410787423,870.288601578869,1105.90222135406,FALSE
"377",977.551750138773,74.2213134875198,839.494107344598,1138.3134388186,990.196780657118,2115.7824484616,0.102088229228478,62.3583912477829,875.325305046779,1120.14317279599,FALSE
"378",1016.19156282172,61.7195481703488,900.198098672824,1147.13116354332,1043.24342857269,2413.35796420702,0.0600624493215092,63.3081899677328,926.357877260655,1174.87731035276,FALSE
"379",969.214885484394,66.6370777291825,844.230896522091,1112.70210331605,982.149172101004,2149.18463219856,0.123920343565253,59.2185214548888,872.772298013853,1105.23328759843,FALSE
"380",998.186972818996,68.3323954416575,870.10546253054,1145.12237379567,1008.87594942319,2214.66087008037,0.0817277778901701,60.8535230768478,896.481808705918,1135.36122143271,FALSE
"381",1092.19166868444,75.7879063989483,950.186678136994,1255.41924401903,1103.51881432834,2466.35218592219,0.0560241545721021,65.1305806074685,983.07081066627,1238.72437301979,FALSE
"382",847.111300871152,56.5978602662381,741.454435503073,967.824213738405,870.122805784468,1716.25506248091,0.0875226226128451,55.6360652334933,767.732325183359,986.168840768053,FALSE
"383",989.511983635987,64.7049261819082,868.115659230179,1127.88423448955,998.89696393252,2163.53945103401,0.0771235574885876,60.3413275838569,887.458719763571,1124.32851504285,FALSE
"384",1060.25179375833,69.6377317518943,929.624905188224,1209.23381021095,1070.65835219551,2294.7992234161,0.0739959071674541,63.220393377798,953.746074382573,1201.90199248589,FALSE
"385",983.962355040824,69.6933897376076,853.761249240696,1134.01951306475,994.37082172527,2124.06972539691,0.133743182281412,61.1743785084318,881.518262672631,1121.6708410564,FALSE
"386",1102.87727995729,82.2782954928775,949.071482446032,1281.60872720685,1129.71481665196,2673.53476905972,0.111676693698302,67.2044623837743,1005.48887393865,1269.28860183573,FALSE
"387",954.038493718855,74.1097391879794,816.165153796624,1115.20253378049,960.943676175353,2044.65047343532,0.136524040910671,60.2268502626304,849.965731255823,1086.4117397028,FALSE
"388",999.892819489109,60.7098432425249,885.782462963198,1128.70336935923,1011.88600836348,2223.24351226823,0.0947826024160802,60.9480486082122,899.307714551405,1138.55722279945,FALSE
"389",987.523800664784,70.7478461412683,855.23557265198,1140.27443205553,1009.55042492282,2159.41881530063,0.106882920605764,61.0492776448889,896.811846329578,1136.46141566164,FALSE
"390",989.694933700572,66.9691560436144,864.27722388693,1133.31236172981,1011.68199042178,2196.72599342993,0.096611879152293,61.4978891519766,898.150428871708,1139.56461728748,FALSE
"391",966.180315904332,64.0240567211509,846.087483501934,1103.3190078374,978.261156788554,2055.39796440544,0.0922330193295403,58.8661074312135,869.522234406346,1100.59852757492,FALSE
"392",914.532405396622,62.58343754396,797.678361836189,1048.50471134165,921.7992177783,1823.6874716023,0.0595055443798707,57.5918048962593,815.656106131286,1041.75496451187,FALSE
"393",1058.87302743676,76.6833224445761,915.220833619328,1225.07273331962,1067.86839225553,2348.58719875995,0.14304859942383,62.5121957995549,952.207629582314,1197.57799428536,FALSE
"394",1042.74458786572,70.8379045628424,909.935601065383,1194.93761344229,1051.22151933263,2327.32169917328,0.0764898803738968,62.7808255620338,935.199375573613,1181.63753267073,FALSE
"395",978.793687429251,76.7796541901989,835.843028828304,1146.19258581882,989.390265709579,2191.73536047903,0.131013466565045,61.3685369818773,876.236120958577,1117.15675086527,FALSE
"396",1014.02357562993,63.2011166628545,895.278604291135,1148.51824561076,1028.21235587704,2245.5753166237,0.0533956782961359,61.4886335059057,914.587197799571,1155.95391158088,FALSE
"397",928.748735333573,60.2162739559332,815.925836163869,1057.1723251701,940.672108200039,2011.31883010127,0.0763166031349711,58.4759895011616,832.866019613392,1062.43260537421,FALSE
"398",963.527506209629,62.511300702349,846.461049100606,1096.78437798052,970.830770675758,2039.99932439224,0.0863451014293015,59.7570971174819,860.596237076513,1095.18534323674,FALSE
"399",1006.82048420552,73.0149149174074,870.409035531149,1164.61048315893,1018.65084006388,2238.57383320825,0.0990087446897162,62.2162229515801,903.825992534533,1148.06339111033,FALSE
"400",910.615127847081,69.0437968981223,782.042769165558,1060.32552663167,919.046886864355,1881.72739279093,0.0858525070712118,57.6933519512408,812.747892066523,1039.2486876926,FALSE
"401",1042.82116789275,63.4475125210567,923.707916888037,1177.29421641086,1056.66555954468,2229.92403585476,0.0408724728991536,62.7721360968046,940.623257372296,1187.02370580015,FALSE
"402",978.218110025009,64.453483057881,857.301970054878,1116.18858255936,986.088272130584,2137.37784707906,0.133639561875638,59.7485242020906,875.764822272896,1110.30958963373,FALSE
"403",939.309846403273,70.8536036924517,807.103351612771,1093.1722508488,950.210597570015,2077.06141710676,0.104762843665332,59.0351248451453,841.369861354273,1073.13111772396,FALSE
"404",896.507387351337,61.2061731663851,782.297973330458,1027.39048671421,902.476358258818,1858.52510222408,0.109817419146818,57.7716599603402,796.163400595477,1022.98545324607,FALSE
"405",994.010458641396,75.4844081352161,853.13408615545,1158.14947254193,1007.61137328395,2224.20993639766,0.147156952041521,61.3724697610145,894.324907279057,1135.24813108483,FALSE
"406",951.598623406664,72.8864386966622,815.833787039637,1109.95640834554,967.944975912888,2042.68987580626,0.128242375430491,59.9404958029431,857.412875660394,1092.72615678109,FALSE
"407",952.82417650555,60.5199795242429,839.219566476026,1081.80736913194,962.321346134432,1963.81513446652,0.137701649308778,57.808314716263,855.525589587628,1082.44847903656,FALSE
"408",1006.99425830214,71.4073182848536,873.421765355578,1160.9940082506,1021.69469375411,2273.68352721269,0.103303421285198,62.2548890930634,906.782120401877,1151.16964015863,FALSE
"409",1028.41889159925,64.6028952063417,906.989594689305,1166.10534761486,1035.4338846848,2305.81395842706,0.102381402932503,61.8283325489595,921.170946486486,1163.87010862937,FALSE
"410",1009.40523315791,68.1829153139202,881.776634902622,1155.50683063756,1028.77057618134,2170.39487034711,0.0296357058778947,62.0527115670523,914.161489873424,1157.74828642478,FALSE
"411",990.87194575589,67.1884895288654,865.046796159588,1134.99895872099,1003.32917692358,2096.75385569412,0.132284087802481,60.4414409993366,891.687613933836,1128.94854827584,FALSE
"412",1003.10961751086,81.9783982983934,850.635262770901,1182.9146389547,1011.25105146651,2218.55630394126,0.11726784667305,61.481939835244,897.750070505584,1139.10176416494,FALSE
"413",977.205877087399,68.4412646543553,849.230761285207,1124.46624609898,983.564829138857,2003.34630159797,0.104753438050731,59.5345677918252,873.629698335063,1107.33389096386,FALSE
"414",944.697397186646,72.4316454444272,809.741733503105,1102.14545616945,956.016210146974,2032.70301394104,0.14156115598594,59.3263385118211,846.630718199499,1079.53441142259,FALSE
"415",1008.26749046424,75.518067046001,867.313520719029,1172.12900299796,1014.19112235735,2126.07884796833,0.123999573600291,61.0348574300927,901.446766724488,1141.03646564283,FALSE
"416",909.260467241686,59.4217499898616,798.355628910957,1035.57182707705,926.426951516942,1898.90036830825,0.147176761651369,59.2445465714366,817.396533678636,1050.00065590492,FALSE
"417",1007.46552189373,68.3962821165997,879.145194148019,1154.51552776585,1021.89194307757,2230.16860075808,0.086747033295413,60.8731911935776,909.378231810175,1148.32652333033,FALSE
"418",1013.77091731882,66.2490651111001,889.501539443938,1155.40156731367,1022.37352036263,2196.82561833117,0.0958325137703432,61.3117515524475,909.094087657915,1149.7683565752,FALSE
"419",999.177466664261,70.5204377475144,867.434043662801,1150.9297072017,1010.8273011251,2127.9578026978,0.10709113495505,61.7247176423722,896.908042598194,1139.21582165765,FALSE
"420",972.665274559214,68.4517542100808,844.872146786041,1119.78805305904,990.19233056994,2053.86988419249,0.077824550552013,61.0519118902874,877.580822740606,1117.25419028367,FALSE
"421",972.899365695107,64.9493619533148,851.148509168874,1112.06583289937,999.570593856331,2200.38963289776,0.0535615621820424,60.8667136776482,887.215917603039,1126.15356902257,FALSE
"422",1032.01974625443,86.0396900447411,871.923702101884,1221.51141675767,1040.98237048852,2249.9952564299,0.0844920842018366,61.2979712475976,927.606887829912,1168.21501638806,FALSE
"423",1099.7461110802,69.867689512368,968.482961204022,1248.79998645763,1113.15348286427,2551.23616236805,0.124977092685708,65.7483727822111,991.568280874871,1249.64735188946,FALSE
"424",924.915306525736,75.0389968585214,785.598037589109,1088.93897809484,935.611769522901,1941.23362583119,0.103576778087963,58.771287417382,827.331052403682,1058.06421833983,FALSE
"425",1107.94387627898,79.6414252732987,958.767733307081,1280.33056426495,1132.52905735956,2598.6340611291,0.0799427960395559,66.2530612268478,1009.94216413737,1269.99556143817,FALSE
"426",1019.76333210173,69.860370798284,888.869345128789,1169.93263317969,1035.32237224912,2285.39506587036,0.0823990472175784,62.3026523642931,920.235701380484,1164.80203155731,FALSE
"427",1017.88421686329,70.2886895548529,886.087188845467,1169.2847972324,1026.92145426793,2288.05190489439,0.101512375837147,61.5015560795756,913.282271050199,1154.70069513458,FALSE
"428",945.56249334329,84.7794320470458,788.859153531939,1133.39425018332,953.862767953898,1999.92281425786,0.133158783875636,59.0605152939662,844.952483459569,1076.81106085797,FALSE
"429",971.830761725473,77.9138727900758,826.790484016486,1142.3148278725,979.116524124715,2092.8861677806,0.0831975194637172,59.6881331698303,868.944847384283,1103.25663441111,FALSE
"430",1057.50442756367,69.6759135530019,926.762367164008,1206.69079144736,1067.9792422871,2428.89341236528,0.105397557030602,63.9621760141022,949.793647136491,1200.87101592522,FALSE
"431",986.804034981485,63.9263310910829,866.979840773439,1123.18898048082,1013.90777995799,2229.85854088217,0.102353576591421,61.9269442357013,899.616864723374,1142.71866899187,FALSE
"432",1044.09753046913,76.6991763386568,900.856179864886,1210.11508551258,1054.19672026451,2203.17087177066,0.0534099627972394,62.792692327502,938.134609249356,1184.61755281119,FALSE
"433",949.389458376527,64.2088184998126,829.287490799581,1086.8852523115,957.63430736644,2015.99586964362,0.0863325894596196,59.3436235224398,848.207558185425,1081.17813593536,FALSE
"434",1077.53200975847,75.7526375019619,935.510617301654,1241.11390141469,1088.8090458473,2411.40180257881,0.0930580611941549,63.6705667141992,970.997838993709,1220.91429116619,FALSE
"435",935.353230290516,63.2120584753969,817.097983592896,1070.72307481155,945.657081865397,1998.13113491718,0.114059977007901,58.8029677078872,837.250114129759,1068.1005608601,FALSE
"436",962.295852893654,70.9904149918548,829.636727586588,1116.16720632667,969.510503568433,2025.63979365495,0.126995898858615,58.663914277921,861.180897862037,1091.46709926223,FALSE
"437",1046.22063353551,67.7311690877835,918.822695156069,1191.28273583787,1063.72051451623,2476.71058345727,0.0606315857808777,63.0624432439915,947.127594497354,1194.66620925893,FALSE
"438",1081.16478833991,67.0374936482083,955.144329855213,1223.81221665554,1094.60917120208,2469.04039459954,0.0850809935847821,64.6042464582035,975.134481877466,1228.72204803261,FALSE
"439",997.571811122705,80.485420971248,847.753480679137,1173.8666263563,1020.4129238488,2254.76330396684,0.137173486048997,61.8725213768996,906.172483263145,1149.05556545717,FALSE
"440",1000.83942094259,72.9013160952539,864.599328834665,1158.54767995575,1008.52844225031,2263.78364502413,0.0984512726357026,61.8681285908647,894.376251565096,1137.25025351236,FALSE
"441",1046.7701824218,61.4931000971855,930.781216167968,1177.21307195958,1053.78032308788,2285.15553842699,0.0489319706506637,60.8050531462632,941.185022290724,1179.84555961643,FALSE
"442",931.722651542917,73.2509037930091,795.510880950199,1091.25735447044,943.455113605558,1997.17157107494,0.10347499134967,59.3334509262946,834.146617974207,1067.08764647416,FALSE
"443",1109.77457491623,70.954171755614,976.495819120159,1261.24411698985,1118.29914369242,2440.63393638564,0.12038725063854,65.0548001445109,997.890465271818,1253.23672116914,FALSE
"444",984.213407316447,71.2245005390147,851.263022390648,1137.92800305253,1009.64056990374,2206.08165494284,0.0632143231832005,62.3490110584168,894.647565807472,1139.41413284404,FALSE
"445",998.702960013898,61.9567692208626,882.521346764302,1130.17957695578,1008.73983933233,2198.34276956327,0.0894611080236624,61.7830130545182,894.733740023749,1137.27248447029,FALSE
"446",986.243102099235,73.9658492599577,847.914305772829,1147.13886747291,997.550367175908,2100.80635158829,0.100248206379765,59.0404529698761,888.382783151627,1120.13284580161,FALSE
"447",913.91939259124,72.9074077039795,778.317793218187,1073.14603807367,938.246213220576,1899.25921105733,0.14599295750789,57.7662231041909,831.685925302984,1058.45960577252,FALSE
"448",940.366581870977,76.7374540159003,797.719439939446,1108.52169826378,960.109244913704,1992.35195651248,0.135095479819848,58.7669068835839,851.664467940352,1082.36259333215,FALSE
"449",976.874037794365,73.0153150928648,840.493128549203,1135.38451809104,992.266037925858,2155.69230245823,0.0800569126383093,60.2961359142525,880.950655533384,1117.64703713734,FALSE
"450",950.572428989088,75.9524988977543,809.198419293912,1116.6457091484,956.830747060758,1899.79967680877,0.117861693427353,57.6599610676521,850.329022528605,1076.67156390637,FALSE
"451",914.537869256631,58.0336107260468,806.045509437714,1037.63311687935,920.316076189486,1775.85511641126,0.10363651723787,57.3601092562726,814.584199826944,1039.77180047532,FALSE
"452",970.832119840435,65.4898733443239,848.061822296781,1111.37535039755,994.740448344321,2129.6445014814,0.102203075818221,59.9670684655712,883.979833694227,1119.37911008334,FALSE
"453",1118.48074042854,89.8790576561738,950.889333950017,1315.60963199881,1130.03696408358,2620.21179430598,0.12701366902542,66.1638022042418,1007.62127554808,1267.32490786348,FALSE
"454",1032.77863834849,61.1810365697934,917.84374501204,1162.10599203349,1043.01373899337,2221.57739248946,0.0757814727758097,62.2017851927941,928.05201429611,1172.21625832475,FALSE
"455",876.491722570466,61.3856816823415,761.858427808373,1008.3733561162,883.839715108602,1717.07461091032,0.113057209497971,55.158793444005,782.17372407518,998.720128225851,FALSE
"456",975.414507647336,75.5015515255708,834.787075425827,1139.73190258554,983.107652896772,2143.17412910556,0.135000204215536,60.9226389880547,870.769327904594,1109.93879344599,FALSE
"457",1031.11890238437,79.8278595969027,882.439518592648,1204.84879524661,1041.54068676247,2190.14849206526,0.128505012850308,62.8660427971077,925.434152147439,1172.21414366909,FALSE
"458",977.856134896174,58.7347995001988,867.651559515446,1102.05832060982,987.104087204758,2026.44648693701,0.0897634384359417,59.7528698476855,876.766294853607,1111.32748224432,FALSE
"459",979.825344384096,73.295318769402,843.017068431222,1138.83542984959,990.158656063916,2123.70326493563,0.10340391614098,60.4216509230728,878.639780622508,1115.83175016693,FALSE
"460",1023.52980244186,67.4167545751853,897.043077476239,1167.85167043935,1031.37889223093,2166.93221905789,0.0569009538241909,61.0440591365358,918.506736585715,1158.12152156189,FALSE
"461",978.886273727221,68.4407079723279,851.088567717395,1125.87381999677,997.207242429919,2164.04600362819,0.0876154845256513,62.1396945522845,882.663707385189,1126.61512650222,FALSE
"462",1031.10759127379,65.5691142827864,907.945887153467,1170.97602381973,1043.01663704061,2241.61859480175,0.0790779600541276,61.7305780240005,928.87484216836,1171.18437894598,FALSE
"463",992.21317445513,66.9241194671051,866.712124458198,1135.88694075066,1004.64918941825,2169.45515300409,0.0670381338748908,60.3425754669245,893.17068383438,1130.04156099901,FALSE
"464",1015.67508515354,68.685872172766,886.978231349058,1163.04531739481,1037.52278755279,2345.96941620076,0.0989145441434514,63.0514467446628,921.121283459783,1168.63387484446,FALSE
"465",952.287030929469,55.6950648296533,847.709777175473,1069.76540048653,976.126927591205,2066.48020490433,0.0902705107901348,59.6140716382636,866.104003974318,1100.12628321356,FALSE
"466",944.941918395627,61.923292109311,828.824258579224,1077.32757565741,952.447459297554,2042.58814150547,0.0940673105460594,58.4493236397238,844.60567086668,1074.05881112721,FALSE
"467",948.016894669104,70.5317873084882,816.256529255914,1101.04605643684,971.929919123294,2007.32153166206,0.151955284363095,58.564552879201,863.756770789245,1093.65020296611,FALSE
"468",1049.77881282986,73.8668033118805,911.307509748166,1209.29054581258,1071.01891679506,2413.74800880298,0.0937081086742159,63.3235187944423,953.924771364155,1202.48635381645,FALSE
"469",1015.65143624282,65.1052723237447,893.689331355567,1154.25775350527,1024.0135424548,2344.22857218865,0.108202614485474,63.5897656541384,906.772129205613,1156.4137244155,FALSE
"470",874.928633860236,70.6321469406432,743.883970435773,1029.05848865126,882.113458188727,1813.45881615316,0.124056056883863,56.8119543211794,777.606848654754,1000.66525193781,FALSE
"471",956.679961194394,60.740231468236,843.11832202033,1085.53749129513,962.888205001433,1968.30253168961,0.0984624366590904,60.1642051861619,852.004694948803,1088.20256605111,FALSE
"472",978.008500743713,65.5173447658063,855.491651725195,1118.07125832037,995.991223729535,2153.61447091383,0.106997573204481,61.8071371646732,882.031665723745,1124.67449446079,FALSE
"473",955.145524255291,71.7067120634912,821.509692209591,1110.52003543758,965.591580984219,2164.98326733785,0.166477417573414,61.0684069914818,853.126291201133,1092.88286023269,FALSE
"474",949.014179785084,69.3138242928559,819.708706667106,1098.71702729017,958.461779469212,2050.38183063993,0.0716153346844401,59.9065464739483,848.055291992524,1083.24184917814,FALSE
"475",973.14593820405,67.3866268437906,846.932132878667,1118.16871775098,980.451434690501,2088.88999709196,0.0601997625511173,59.3629796471751,870.835017618606,1103.86582571679,FALSE
"476",1026.50610436696,78.3950876288474,880.371178399411,1196.8983176146,1035.1052207088,2285.61543112758,0.10591954671672,63.2422995273587,918.389019744595,1166.65464732645,FALSE
"477",1073.66744346305,79.8600334055024,924.424956809498,1247.00417341723,1082.84674393479,2324.91067859824,0.13649785069015,63.6789126449234,965.058468219671,1215.01143139367,FALSE
"478",1074.12433331471,80.9976738482488,922.696933535381,1250.40307546935,1086.81819625844,2464.66872638104,0.127476753462728,64.1837394766017,968.125406675401,1220.06279720999,FALSE
"479",905.254275187895,62.6082418052284,788.270607317797,1039.59895895951,920.749425995126,1954.71764251519,0.122039620664372,58.1282300908291,813.686878604825,1041.8989512575,FALSE
"480",995.586386796153,77.011821384433,852.130091416961,1163.19358224473,1003.95695927189,2158.75638090834,0.100339519867542,61.5345804774901,890.414258697949,1131.97825194797,FALSE
"481",946.8940684401,69.4260777541528,817.296927065184,1097.04116968439,961.448876477634,2061.3076815727,0.0796137977875372,59.5883599497642,851.571788518167,1085.50324769288,FALSE
"482",949.491075470263,76.4659387116301,807.293369155161,1116.73567112429,956.803423327101,2024.61956153134,0.088949028550761,59.1330783444921,847.746993728647,1079.88916228878,FALSE
"483",1098.29650421303,78.3405521626605,951.691598827061,1267.48540457144,1105.43621115079,2435.5534331349,0.126254005960503,65.198055186148,984.858500500532,1240.77643265744,FALSE
"484",1069.11947004031,69.4110492510408,938.783304242214,1217.55088320613,1082.60938173871,2511.78644252993,0.0887602822180667,64.747275111678,962.963176817693,1217.12138287773,FALSE
"485",985.124818472248,76.6573720991495,842.347868422066,1152.10228974393,990.817580570215,2147.69827314907,0.169447865443926,61.0201109660019,878.256832017591,1117.80454438566,FALSE
"486",970.819568892083,84.8969876121456,813.935813281598,1157.94221112339,979.306610564717,2033.42006220468,0.159907899026408,61.4467343434089,866.088710951448,1107.32471785967,FALSE
"487",1127.56727007783,79.3142099444989,978.995047368809,1298.68680333763,1138.7048556649,2582.10654073692,0.137893468004864,66.76414465881,1015.18836828655,1277.24941382389,FALSE
"488",984.007101536052,57.1365047117744,876.927312640423,1104.16218301826,991.968393208786,2107.0319919655,0.0768814296465474,61.499346297918,878.569768175495,1120.00358852396,FALSE
"489",1023.79748889132,62.1711978208123,906.935035670885,1155.71816837445,1047.41668663857,2301.63769371407,0.0994268817301595,62.4120264076325,932.060697725074,1177.04964722429,FALSE
"490",1066.60003187845,69.7951438253428,935.826355764018,1215.64820331902,1088.5649843363,2453.82911809542,0.139140330377515,65.7036378608839,967.217649232554,1225.13658230214,FALSE
"491",960.08859783094,85.9446195623598,801.093137482129,1150.64038444037,983.983804364697,2190.51109776298,0.164695253665767,60.7824448874806,871.882094561493,1110.49892329649,FALSE
"492",966.996061823991,60.6744569292611,853.322771393871,1095.81205955126,977.127231708726,2010.32541430075,0.137568560552012,59.8095506876878,866.758536346251,1101.5497245306,FALSE
"493",974.956591745842,82.886863862255,821.310620538665,1157.34574960841,983.325592158429,1992.65088999692,0.1525473092676,59.9257458069806,872.713223196142,1107.95756783945,FALSE
"494",970.311639682742,56.6756015371853,863.801315363692,1089.95513361473,977.457479680291,2012.57612735253,0.0783271508535647,58.7274651460477,868.964759317496,1099.49582458713,FALSE
"495",997.06309048988,71.877086696475,862.680128055086,1152.37939774793,1009.24304564509,2207.82835328804,0.115117835237297,61.3853299859919,895.923241219319,1136.89597313798,FALSE
"496",992.417868318341,67.4865017155827,865.953221355872,1137.35153478085,1006.56756123769,2151.20856759375,0.138851120191755,60.534971776569,894.742089608695,1132.36905595789,FALSE
"497",1037.53377301796,82.6998225383589,883.481791803776,1218.44766936859,1051.01053805701,2205.68055526399,0.109230319171641,62.1261709045401,936.128907282501,1179.99042921717,FALSE
"498",1007.83366162672,65.3620826211864,885.248008182714,1147.39449297725,1034.65404309269,2286.54789882558,0.144753542819378,62.5472056465876,919.147047562202,1164.67652453142,FALSE
"499",1078.4508168921,74.6904686881171,938.490276511096,1239.28419245746,1089.26323619797,2429.19244181132,0.0802396586480012,64.47615276777,970.045704278198,1223.13246942868,FALSE
"500",1042.29948883742,80.8512926296321,891.535574564278,1218.55846858573,1055.77271798245,2370.71130007213,0.146064825565568,63.7173163054713,938.093122636893,1188.21469333754,FALSE
