"","ds.est","dsm.est","dsm.var","dsm.dev","detections"
"1",1021.00874616782,1046.15323408735,3585.6583453716,0.0517464891759897,340
"2",910.7587038303,933.348169356868,2606.21909029677,0.015323035649974,358
"3",974.156431720349,997.138968180383,3045.39658083246,0.0338304239343102,351
"4",1130.46306558291,1156.7303000134,3904.94176534078,0.0167089908779586,372
"5",984.665925428295,1003.36721620717,2957.53819915797,0.0204394760860287,364
"6",914.855703946381,928.929496498965,2783.39894336006,0.0369843991980632,339
"7",1045.26978330928,1071.14092816073,3493.36754698812,0.0234087578494868,351
"8",1040.90640775936,1059.02883374289,3403.20361510366,0.0575046681078382,357
"9",1074.94070902658,1096.94687921543,3494.09609975828,0.100972926058702,375
"10",977.267499163571,998.914322964426,2943.62862843632,0.0378601386766208,365
"11",1034.66356982623,1048.9825632869,3175.2416282515,0.0120719501798326,372
"12",949.91044648598,966.226623541433,2822.30723270874,0.0824804052120164,361
"13",1098.62405363911,1121.03857647815,3486.73221053607,0.00346221892388393,385
"14",1093.76364969121,1117.85829186042,3536.26786199021,0.0127853561840116,378
"15",946.891701700542,968.382830403237,2706.53731123268,0.0183070742883117,374
"16",873.562118418957,893.156482402703,2612.68267797659,0.0664757382333789,330
"17",887.360973873299,899.548889033069,2666.44039067225,0.00343286592361713,326
"18",1012.57239994603,1029.47061191188,2958.50077736992,0.100184569246325,391
"19",1019.21947762962,1037.27395733751,3267.05927563729,0.056935476712458,357
"20",948.232255356077,967.217458196748,2951.28028261089,0.0881524722939196,346
"21",947.004892395294,956.813548601569,2966.76752339884,0.14960271661651,345
"22",1008.81865900136,1023.22550175486,3381.9451493084,0.10905869580119,337
"23",967.741218003983,986.77352309131,2941.90910669307,0.0290315721923998,355
"24",1033.99574084168,1049.64255609361,3181.634822934,0.0892704764196049,378
"25",1003.36910083756,1017.03073318791,3071.06405205706,0.0663222111684532,367
"26",921.084344416004,943.957304705523,2930.016635047,0.0425753288767552,329
"27",949.378830223596,967.586070454744,2764.63641952517,0.0504819066107919,361
"28",894.255308786838,919.373983985166,2732.87126681851,0.036320076902006,332
"29",1012.15198376708,1031.31832550288,3430.72046246173,0.0896654428556834,339
"30",1047.39385448868,1069.78689126842,3334.28445171279,0.0813393871214053,373
"31",985.16566680834,1007.65603836543,3116.533418832,0.0450492980655119,363
"32",976.044814717979,995.948869744225,2802.21092771514,0.072820750960345,385
"33",982.887539450813,1002.14944767478,2964.37889091364,0.0432314781567631,365
"34",966.183921285603,993.946963345149,3006.50228663391,0.0260889757159659,353
"35",1060.32340792123,1079.345426123,3368.8740662849,0.00220705220041605,367
"36",999.245437735925,1009.18171336907,2917.12987261885,0.0314869158363724,375
"37",1007.65344557596,1033.76220192208,3219.33906969347,0.0397318234616088,358
"38",926.402517859277,945.623181049728,2623.40587544354,0.105819679170485,372
"39",1210.37553368659,1230.31300180063,4037.92107198225,0.0545022595792926,402
"40",904.615933983658,922.888891551391,2678.02474233395,0.0501511815282478,343
"41",1000.82994210454,1017.75063753745,3151.63430081663,0.0686587331009185,358
"42",1119.00397444903,1140.40829559108,3554.02643059187,0.0437696170394276,395
"43",968.341915031084,975.278921027594,2945.38969990864,0.0877675062904317,352
"44",998.879705091669,1021.87581917545,3147.57195447909,0.0170401106770202,355
"45",1136.80762385804,1164.07172636206,3467.5768722762,0.0149410366998572,418
"46",1019.8864418674,1040.59880884272,3135.07543812008,0.0770821764242327,382
"47",1007.36751241805,1020.6317733065,2959.37679150638,0.0359634971619455,379
"48",1023.06794579741,1052.52373051378,3308.2402903215,0.00342115472129228,359
"49",910.764543612061,929.662496118908,2726.40713684305,0.0180295845269334,340
"50",1075.48578167954,1108.14407841608,3468.70902503181,0.00674088862444035,376
"51",911.915751886436,931.536338639206,2704.00556631591,0.0223195747815082,343
"52",1008.75239854159,1026.07024917812,3131.79633205425,0.0266769529258843,362
"53",1079.92231203914,1100.65651496108,3360.80478464461,0.0434680766198339,386
"54",1001.03277474077,1033.34660957402,3341.14353222317,0.0742269029853442,350
"55",893.508135580101,923.510843572133,2825.9365475568,0.0661479506311905,327
"56",996.983595181834,1014.94713393846,3073.69775513334,0.0129817378646173,366
"57",766.391071287589,783.013060126546,2160.87318271605,0.0200306229744268,303
"58",869.224096895085,892.149072844674,2457.90349603047,0.0668741596550593,352
"59",946.189074243024,949.712077116961,2722.78446308316,0.0333866026666568,356
"60",951.527249022958,969.698145936161,2897.02112229675,0.0164923429607879,354
"61",885.554809615636,896.91666643073,2710.76931327655,0.0804800925902944,323
"62",967.562631221977,980.794431005096,2862.89440828712,0.0685437564951779,366
"63",982.278222309444,992.489698749597,2974.26643345238,0.0125167256890266,356
"64",1035.26786705846,1060.69132594302,3345.19425738667,0.0384589285136678,366
"65",1047.79984914465,1069.00272533371,3266.35159894897,0.00680446301429817,373
"66",965.694403524708,983.838971315467,2977.90268078032,0.0671359905878837,353
"67",975.748436043122,998.589265150796,2965.48280002145,0.12342060784854,367
"68",992.638384427492,1003.91984520707,3026.18722438715,0.0812829731994212,362
"69",1021.7334497361,1021.50499277635,2862.2183236268,0.025497041297918,393
"70",917.41397992827,934.959438123565,2805.36680685949,0.0238772559091207,333
"71",974.594412868407,996.808765811172,2986.01407799096,0.0722670077082676,360
"72",886.983004773229,906.512052799692,2518.2402690233,0.0663787932522017,354
"73",990.299131928735,1012.99663634227,3220.90589497187,0.0639000779151628,346
"74",1197.46081326145,1191.39236458808,3910.40664772777,0.0212989194695897,388
"75",1087.73287177236,1107.06204677353,3557.16020270177,0.0521203910288565,373
"76",1008.41712536465,1025.51655534275,2934.47509409638,0.0660451104824695,388
"77",965.596722962919,983.963669784874,2973.757772558,0.0653255273305383,352
"78",969.948945727449,989.914053754386,3035.94736162091,0.0365866228328195,350
"79",993.049565729159,1012.87146090087,3150.72904188901,0.0321236433728232,350
"80",982.91965007982,1005.90521761192,3172.94395847047,0.0241802700261096,343
"81",1046.90188743747,1061.77472736171,3397.31320020202,0.0641474056613855,360
"82",951.25750660023,975.233500126519,2885.92607233214,0.0812338363179895,359
"83",1009.32965439785,1034.51180957726,3291.68538554017,0.0363981456992903,353
"84",1012.34120111228,1026.38542790144,3030.35379020818,0.00551662510186897,373
"85",1034.46475916791,1062.17099283938,3255.73324991259,0.0086450281971923,370
"86",966.520037639722,983.557483356978,2885.2929496494,0.00365675216065629,356
"87",988.371308724088,1007.90668213064,2886.2878310926,0.0552515624284688,380
"88",979.809728409893,1000.39989665681,3036.098538185,0.0744110873182382,359
"89",1012.33843430269,1025.1039882185,3057.10271847214,0.0207429589256984,369
"90",933.41759742994,956.684637462491,2692.13584217286,0.0381158462158683,363
"91",921.691237709721,943.976680673782,2728.71867215917,0.0122758640735006,351
"92",1039.69301395454,1063.17544590807,3487.85498338912,0.0929277762830931,352
"93",948.973281830789,962.219260463638,2955.03295352796,0.0947117948354997,342
"94",933.154186429391,943.718107289712,2826.85069386121,0.0378453196418043,339
"95",963.004999210264,990.874945500152,2987.06547656631,0.0626274324672445,357
"96",901.454840543387,916.707384811641,2526.96772131265,0.0830507924006279,362
"97",972.362669935026,997.613885660492,2984.54161962371,0.115843610563888,364
"98",985.087194884553,1010.52391182573,3034.89658722461,0.109623061232984,366
"99",1001.18504986815,1026.07116908793,3146.86842085032,0.0354349194509169,361
"100",1165.02071853846,1188.68718590982,4010.2668724682,0.0857800948405382,384
"101",992.12314238002,1001.55493089407,2892.99279509862,0.102664727847921,380
"102",998.043839907926,1017.40134417603,2857.36100452315,0.0737214304261579,394
"103",1056.75321005179,1071.7639231942,3387.87467732991,0.105047985156731,371
"104",1035.97946533498,1046.55318185267,3183.2369529924,0.00621003052002387,367
"105",893.638508971592,907.979283131462,2780.72113937464,0.0733202201596485,324
"106",937.905559334836,960.609879309759,2876.971598109,0.0768875174693645,350
"107",970.409931490076,981.716541701781,2862.92806121302,0.0630257208563346,367
"108",1049.950672231,1071.75349609301,3583.54944429807,0.134129700131313,350
"109",980.767226148955,996.838067155061,3046.6367599203,0.0191903054183028,349
"110",1096.00887702127,1117.46609440066,3522.62171915796,0.0687827341036656,387
"111",954.275123694937,976.781421941012,2958.77770741871,0.0695108793643877,350
"112",1105.88676168368,1121.00711993323,3502.66773776807,0.105796355808358,389
"113",933.750928843838,950.437773526044,2769.72155159988,0.0627030179695596,354
"114",1027.51249091039,1033.33168711137,3052.64672724865,0.0255989449859405,374
"115",1025.3739065444,1046.0385449508,3358.01151768884,0.0651068841214889,355
"116",962.992993469169,990.475474919131,2829.91832616473,0.0981428294391182,378
"117",1030.43365447852,1046.26786501582,3359.27243456691,0.0915010682111014,355
"118",1057.15384823732,1087.47356031594,3724.47002475262,0.0702659582695427,345
"119",1014.31615775029,1047.72037181983,3316.15417656254,0.00325535213566393,352
"120",1015.67307257099,1032.95870610904,3208.00037848774,0.0099964404026292,355
"121",974.376420943433,984.844239464805,3071.14700942947,0.0687463934893824,344
"122",935.240515234455,953.111807431468,2755.4161348311,0.0276593190685457,355
"123",1014.71747071003,1038.04545284042,3122.42172101249,0.0654386124858192,375
"124",1045.11050616696,1062.29539303172,3239.97890875683,0.0262075593268023,374
"125",989.490025452696,1011.53286402779,3091.91435915905,0.0130732253076033,355
"126",1004.81421609938,1021.31925013994,3083.66092126014,0.0597927777115369,369
"127",995.705522716371,1009.95810485779,3049.68439348947,0.0807143129121731,371
"128",1093.2503512128,1112.2927153695,3549.83358898104,0.0640530307044279,380
"129",1113.60983399695,1134.14408098915,3521.64259727866,0.079980145815354,399
"130",1077.92212364869,1101.29535325562,3578.01595710433,0.0929928640914079,370
"131",945.347346710815,961.880214492453,2943.47631195333,0.136613335948324,344
"132",920.920764684637,938.469299771241,2862.68705351056,0.0804460900257655,337
"133",921.49038015476,951.095575130294,2637.45203980387,0.0421207490949598,365
"134",921.711145866089,939.288685964758,2764.15397855349,0.0834221336259845,346
"135",939.262643289997,972.807865995592,2809.16255842194,0.0046354885005389,358
"136",1044.22716178811,1056.27481794664,3242.68208533544,0.110390183354072,379
"137",943.267129338067,960.104363660156,2818.97049130016,0.0675113350526203,356
"138",948.300165656876,962.489288484722,2812.98487609713,0.0417684651793192,356
"139",991.68885515374,1002.40597421164,3124.04343188268,0.0225066109888756,344
"140",1014.86201745233,1024.52343956196,3126.06153519051,0.0758776523964706,365
"141",938.335388921009,949.388233183331,2717.35931125607,0.0309039614931275,357
"142",942.647001695314,960.052189110826,2926.77826694419,0.0873012976629621,345
"143",1053.3803950073,1075.92349625498,3238.38490477463,0.131797169361086,391
"144",993.757580265612,1010.79845493254,3235.00484248178,0.02355509059503,351
"145",1014.75500005667,1030.82670863123,3110.26025539337,0.00543071940573032,364
"146",993.091399518729,1011.4015830537,3022.38895672376,0.0555771741247594,366
"147",941.650377314257,967.321356740968,2877.48254310842,0.0918659773744649,357
"148",969.470273350604,985.760555813278,3026.69073697718,0.0731508467284253,352
"149",986.640802339658,1013.10119995355,3138.18094520719,0.133122437238989,360
"150",897.410044014227,922.719470261543,2766.00847230185,0.075881939975159,335
"151",882.172007946981,906.348840268698,2683.1047088728,0.0273787288354299,327
"152",855.150255896023,879.387871205088,2470.31467264071,0.0345444247885607,339
"153",1002.69084296688,1030.50113926351,3234.85079385998,0.0126555089083601,351
"154",950.008404117997,967.662766903569,2868.14505530007,0.014639261029712,350
"155",964.263582944223,977.249652656354,2867.10109141516,0.0132464737722967,358
"156",1137.24071491505,1151.69223617713,3647.64374074835,0.0377659604513939,394
"157",945.543655851089,953.582961263454,2869.39634718294,0.121795597090354,347
"158",965.305583436656,980.950509501726,2971.90618185551,0.04945240196361,351
"159",1056.449683413,1077.59563765764,3390.4348464753,0.0808420695534193,373
"160",934.880505290271,956.202634292061,2913.21376979445,0.0908496353914923,342
"161",962.282565943832,973.179439703367,3045.57811391847,0.0406262858889672,334
"162",911.173706325571,932.372186762374,2714.09579569121,0.0046232703837668,341
"163",1058.56736062225,1075.30401810342,3368.67358933282,0.115082432476211,374
"164",999.528709294641,1022.64772185946,3082.59795257512,0.01409638831667,361
"165",907.254399930144,925.52286297896,2861.34306397155,0.049477349050061,324
"166",1064.02733354247,1091.99730499632,3424.31753979182,0.0507401102581117,380
"167",1060.62990913822,1080.83406533284,3349.61836873636,0.0818912715305395,380
"168",947.643662233164,960.850733223682,2753.43376304817,0.0172447328469212,359
"169",890.032432993626,904.114485136986,2566.85083048773,0.00441682122047473,342
"170",1025.02907694548,1039.57734887716,3068.48736965492,0.0133639330839193,377
"171",1160.54127088215,1186.51614706068,3976.42799767375,0.0720499014078414,384
"172",1020.81225567828,1039.47248697569,3335.16089720471,0.0438813993703986,350
"173",934.945475622141,959.354498199971,2809.86691698811,0.0499995476325794,355
"174",885.812584239944,902.030632980111,2619.86949461298,0.0148249883050953,333
"175",980.708784640894,1003.65258655314,3008.40318944789,0.0178732761885678,361
"176",983.91099389414,997.756079148721,2852.54739162926,0.0313655046558603,376
"177",990.645065790921,1006.4339950999,3044.38190683485,0.0341817769741003,358
"178",919.004845015588,935.7625174462,2634.76820848493,0.0753694871974406,362
"179",913.94911136762,924.60086685032,2597.08526195504,0.0250062669693311,350
"180",970.601005073583,978.206539617914,2799.04816860006,0.0159479237221279,367
"181",984.097815723533,1007.44748389854,3131.29522548653,0.0961344680952627,354
"182",1008.7450237254,1029.35920418023,3062.22621442271,0.0272507928796412,372
"183",889.549226074747,912.272930095391,2520.12770953792,0.0713255178810846,359
"184",1019.96356470757,1029.81133125532,3130.10039828573,0.036743044296982,365
"185",1022.76305325886,1046.62831903779,3245.19254001016,0.00537887090009953,359
"186",978.875000487027,995.202336592692,2803.04464880085,0.069378062693862,381
"187",900.26785529828,912.486014936312,2649.82465426291,0.0694268395506616,341
"188",896.689303082951,912.261605843237,2628.18189830207,0.0561040041598596,344
"189",995.102823078318,1008.12533909309,2991.60221794757,0.0436881727419255,368
"190",969.879832809654,986.476108220089,2977.32092660874,0.0634897032722821,353
"191",1030.8088114429,1048.45682253452,3197.20119933682,0.0991144145466827,375
"192",873.778843918454,892.501044926215,2627.32507291524,0.0257041759765859,330
"193",912.88529044737,939.746872623599,2557.41004986441,0.0686217375735774,375
"194",992.478903460348,1015.4711705921,2977.1837069211,0.0430333785842015,372
"195",964.820158907143,979.262746418633,2942.23994654846,0.0561356871510072,353
"196",1000.26436029541,1014.40132331484,3252.31039363541,0.138375193231546,346
"197",1115.95369980523,1142.56047455242,3595.6842574695,0.00124922688294959,388
"198",896.439604542635,909.483267641066,2570.37189385889,0.0406068384541867,344
"199",951.27814249753,993.848646198914,3239.82188191916,0.0841789182694969,349
"200",1039.22333826788,1055.53635472015,3198.00178068133,0.00963703486875324,373
"201",964.934222551321,975.292247054478,2835.92381020125,0.0386723585863086,360
"202",893.738774504235,920.319352890606,2701.26064554441,0.0951274982279909,342
"203",1060.58822088418,1080.73100088841,3625.11030289553,0.0400949089616231,347
"204",943.820116214269,959.60176284298,2813.81663961567,0.0706724447191599,356
"205",971.700514192474,978.851317278528,2752.33366156731,0.0509091680142063,379
"206",967.06953400531,1004.8438388671,3064.08624410934,0.0568232898140547,359
"207",1144.08056067895,1160.76376483294,3700.15775550861,0.0114124195967897,389
"208",859.555496066468,870.54412674562,2528.47694559884,0.0946539131421817,328
"209",986.33518656202,1003.56933822702,3242.20618890205,0.0823550236132891,347
"210",960.542616013404,971.531107278815,3090.80688603999,0.0399148699965434,329
"211",1067.57173800076,1090.75351092784,3380.52773900371,0.0721563326847645,380
"212",1056.86539351307,1063.19907399005,3463.31234851449,0.080353932835009,355
"213",987.520674205973,1015.64559142232,3100.02563638711,0.0847802487985526,361
"214",971.266756173318,984.745719651941,2988.27331472679,0.00367099539748494,345
"215",986.491991845132,1020.08757636063,3186.95348597728,0.0319294285757072,352
"216",912.645933177786,924.897188049154,2697.05820645678,0.00834475683643566,350
"217",1090.70275880723,1110.24834112293,3612.27355647964,0.0129344120415561,366
"218",968.054367475274,989.872319600039,2897.96040600525,0.0215073503779949,363
"219",1061.42480089867,1096.0378707659,3361.75840187505,0.0868242268388753,388
"220",964.243693688381,977.672523919925,2825.31602475495,0.0215107783289143,361
"221",1148.58861377066,1166.58166658052,3721.5187221947,0.0463685248572046,392
"222",958.267471152139,963.237755798919,2967.35331638603,0.0276885121276831,340
"223",899.306618495102,897.687556974445,2686.49666385121,0.016549238604334,319
"224",978.23441379299,1003.29196248835,2978.39768496166,0.0241489188604867,360
"225",1021.08565319381,1046.79550727573,3314.6275737604,0.0601725602956554,358
"226",978.685748587344,994.636071989874,2908.91036447067,0.117703799029118,372
"227",890.04054701896,910.382154569039,2488.46339380271,0.12095672775184,364
"228",904.177726252045,916.299394838015,2765.83610642932,0.0146894829350359,326
"229",1068.28650098876,1079.73128053678,3313.17911167878,0.113116458418941,382
"230",1072.53352797,1099.12889632609,3655.04213444013,0.102196594406252,362
"231",907.673005956536,923.686435779057,2823.46549995049,0.0555667212547371,328
"232",1063.84959950593,1085.90795312413,3521.6880742548,0.0404222225893798,362
"233",953.272578193715,974.606126118679,2811.64261983331,0.0455490080442659,366
"234",1012.26784149353,1038.77721122657,3030.38922388064,0.0184528956205312,379
"235",1014.64531453177,1031.28410938328,3188.69200091881,0.0788941850095556,365
"236",964.975950771877,994.670259714098,3174.2796275776,0.0488382042380121,336
"237",1060.49114253739,1076.08145637109,3327.3803062366,0.0173916644300174,370
"238",1064.63666487896,1083.63415551374,3527.91678659628,0.02818956658689,356
"239",1055.47980710132,1068.36213856586,3312.89839038902,0.0392960882556029,373
"240",932.006978605428,941.987894166924,2614.32211243825,0.0355854649591172,364
"241",1016.09217651641,1028.29865906279,3127.09442265384,0.00820958036118693,362
"242",930.890811998927,952.971863521811,2733.77837028508,0.00955674870919236,353
"243",1044.303639379,1049.63097545639,3548.1482907367,0.00369339864569164,332
"244",1016.72549453445,1036.57049910749,3338.94316841451,0.0145375027854312,345
"245",895.679913386536,912.463421242961,2729.66219819854,0.0887144204290962,332
"246",1091.79363445561,1105.05845955595,3488.63520261837,0.126026324277684,381
"247",957.98512022688,972.321658807994,2805.39267034426,0.0882232565517238,368
"248",981.026582606431,987.568122394385,2973.88470999952,0.0985761461774165,358
"249",954.916258882886,978.748129245735,3163.23494517741,0.0242234152364865,323
"250",996.053681544514,1021.36874953778,3022.32575684769,0.0209103980963334,367
"251",982.897365358938,1013.09790935141,3060.89321521716,0.0554112142488339,364
"252",1014.26586197908,1034.03525879249,3006.47352520976,0.0528891352969461,383
"253",924.161007091463,944.512692221452,2745.99227589509,0.136535783764667,353
"254",854.197348587498,875.064359758263,2551.25362602675,0.0349030202063546,323
"255",958.493233834144,987.633811821127,2708.52331005062,0.129371588174309,394
"256",901.948279159466,924.232243329476,2594.08620153676,0.032785335609713,355
"257",959.024059168592,967.541726576965,2810.44870417559,0.0547715676880956,361
"258",947.043732565019,960.909508604163,2832.10887182772,0.0596860555720602,351
"259",912.944580978921,939.758014460956,2762.27054605222,0.0920731911214018,350
"260",906.646133665886,926.249347171638,2613.71662321285,0.0542449650863027,353
"261",1031.60745962174,1067.95988316173,3654.19423878123,0.0945562656652517,355
"262",1022.66667230556,1035.64703379761,3186.3857360839,0.0303709229312768,364
"263",945.830662715103,964.056177429311,3024.1715010114,0.0470886214038028,330
"264",978.747452711207,999.53610209543,3022.84480282357,0.0383228977952554,353
"265",905.037825982791,924.787931720348,2638.92667841747,0.0138102536369204,347
"266",1040.78226806657,1053.00690725119,3238.7366504748,0.0353012165666761,370
"267",1021.2318649274,1030.47374037466,3065.53294186914,0.0267271336815674,369
"268",996.222580957744,1012.55218410899,2938.58364356746,0.0179040088235643,374
"269",981.692343165553,988.283455103834,3019.62596058497,0.0280248993254528,346
"270",1017.43984015699,1030.79155025949,3102.00469943532,0.0201357661958407,372
"271",903.629243069338,923.849250290082,2782.89202421929,0.0533354686716589,333
"272",1105.78662459753,1138.55895085221,3714.52976932989,0.00376718344519677,373
"273",973.463478245537,990.807495483612,2933.22222525233,0.0234065551487475,356
"274",1024.0725251247,1043.0944305035,3204.45992663561,0.0350769450729568,365
"275",941.181111930493,958.497988843095,2824.31419978438,0.127036257809621,354
"276",974.29146754373,990.391598273352,2993.38336978264,0.0726540662481044,356
"277",988.039535548632,1011.36930620646,2967.52944258103,0.04486268074104,373
"278",1092.52787249614,1109.13994740174,3475.82500597294,0.127914022351316,387
"279",971.514703159608,996.44654265682,2916.41779961232,0.00814774212746445,365
"280",958.438730933178,976.996729596103,2729.9580095844,0.0381409368340174,378
"281",1005.82609277461,1026.32905713533,3201.6979962068,0.0831983904663977,358
"282",971.186981339016,972.150516740591,2876.65726347015,0.0181672956574338,352
"283",1105.01724135391,1115.60155054403,3617.32692217627,0.0453916047957717,373
"284",1010.56844384007,1032.88658464171,3107.10051942458,0.00410709385819757,367
"285",997.302632965792,1022.687834784,3233.71348298118,0.0149048697361101,346
"286",1000.5731828705,1019.61446463184,3305.31965387425,0.110059604158916,345
"287",941.042967195776,961.529929009448,2899.19304484981,0.0945018788291467,347
"288",943.732967834031,973.156214103672,2985.62988537703,0.0925210045209139,344
"289",922.06025495004,950.129409889035,2898.09868490999,0.0177760348513777,332
"290",970.325482127386,981.925755846638,2798.84904610339,0.0774183730192238,374
"291",1049.92455304458,1061.36376678946,3471.36250224625,0.0115364376135264,345
"292",1037.54834586509,1071.46343374035,3268.41842099967,0.0687001763582306,382
"293",930.577815397761,952.858003819206,2778.89586683319,0.0270618683184373,349
"294",944.079658892382,956.653269214466,2778.46409413374,0.059280229388955,359
"295",961.901728361552,984.043155289763,2892.81649089274,0.0122784677785364,359
"296",1013.5288479431,1037.19918009109,3202.94177510886,0.000426804000953487,358
"297",1117.57000205758,1130.53439826627,3580.88039794777,0.0163459086596071,381
"298",972.485502691606,990.858755851196,2816.92995160745,0.0277746717764272,372
"299",1056.9241976523,1076.00384282792,3363.89695006648,0.0170785764752067,367
"300",1079.61505541648,1086.91471753323,3219.00406056685,0.00953491746424498,394
"301",953.904644953674,955.004342093814,2827.85028432768,0.0712671071455121,352
"302",985.384612895145,1007.97434415427,2864.35347724221,0.0197410276004398,381
"303",1071.81947046441,1085.89249910792,3451.23341085628,0.042523147694788,369
"304",986.107285975281,1003.88485018597,3043.04837705414,0.0573437600753332,358
"305",1112.49337741326,1124.82434852389,3657.70069916319,0.0880085762117342,377
"306",939.285919455431,950.987735893691,2805.91017136977,0.0740735101314841,352
"307",1091.41167131923,1110.64258190864,3821.24503081742,0.0939728675266403,353
"308",950.938214469006,975.175841144883,2935.30671130717,0.040769593664477,349
"309",861.313516200139,873.973359049681,2379.52694714917,0.037354812762141,347
"310",968.10023457853,1002.65884948873,3175.01493173162,0.00241105937042664,337
"311",1000.66918583981,1017.37862080265,3053.3158382468,0.0715113421330089,368
"312",1172.89885433646,1205.5527033595,3929.71911825348,0.191873417981624,404
"313",962.799226763165,975.22666354115,2834.83497780286,0.00228443666519171,357
"314",873.580487448275,904.658965133672,2754.42269488863,0.00850761992061303,317
"315",1061.20453596199,1067.00488832443,3213.02974277172,0.0439349982472429,386
"316",994.290119699972,1006.21839405905,3071.45601828114,0.125929210317812,362
"317",1044.55849530539,1060.66828756014,3086.18141282326,0.0143435551186387,391
"318",976.215064304419,997.958329429271,3074.58221917349,0.0710283282731974,353
"319",1063.20523128776,1076.1546285823,3251.78025147035,0.0161464713651941,381
"320",1062.50371287939,1068.12832184611,3525.91568771879,0.083744664070543,357
"321",943.636549748496,968.085295143053,2787.09974545197,0.0555927736906701,365
"322",871.884761372035,898.664756817795,2495.5344021439,0.0561365652745993,350
"323",967.095538013273,999.184451405093,2965.52059043792,0.00712125272800534,366
"324",985.915697679401,1010.29128767262,3039.86701952915,0.0135651354191028,357
"325",996.706125943806,1006.5592403007,3135.31500929401,0.0362301796901852,348
"326",1010.40573521665,1036.22109458531,3045.23487135429,0.0684501059663497,383
"327",1039.64818791247,1055.91489349785,3300.33707262207,0.0425191466394421,364
"328",952.023840119248,968.008704170513,2866.24444779496,0.0435237816042644,353
"329",1083.85364593284,1082.60592898461,3354.43166635609,0.0233762989096628,373
"330",945.111038918478,968.455085410549,2983.41766202544,0.118770855987787,343
"331",944.504548462646,964.322867262516,2816.2815343562,0.0222614316903097,356
"332",1007.84052950897,1031.39579719271,1615.90732740256,0.0884864626608012,362
"333",1052.74774320798,1070.59344667686,3287.26791068355,0.0112943254306472,372
"334",1005.71910419235,1032.56989036595,3197.34852291014,0.0757085609895381,363
"335",1012.58668303732,1035.9719912419,3297.09411585593,0.070353728922842,354
"336",1070.30644336619,1084.58310620994,3347.26670265112,0.0603405439696975,381
"337",939.172158241053,964.41992505223,2799.79077330184,0.0135967281245241,354
"338",945.076220988154,966.489349984532,2809.70016372648,0.0746154132944557,361
"339",1018.19976508548,1037.68759535322,3238.35479758671,0.0502705031942836,360
"340",871.552051389693,880.359285466707,2397.63652091077,0.137304303864968,350
"341",1131.55895833193,1144.84512887864,3734.96166961117,0.0546929142627867,380
"342",999.21091557311,1022.94302577807,3085.64431814054,0.021618753926793,363
"343",1096.54178412783,1108.50652064556,3681.1686195421,0.0846459984515138,365
"344",912.014404240131,928.987161442763,2658.79445915511,0.035843563585014,350
"345",1108.14660955853,1142.15072754877,3706.01415528687,0.0658152421080141,382
"346",1097.0401656803,1113.56375800067,3640.1160400448,0.0604544824799601,370
"347",923.69705687508,935.60756409653,2905.90932062521,0.134755680544152,331
"348",956.990059941502,974.996414907999,2890.06518837987,0.0854704598049404,359
"349",967.742402053965,982.598431997414,2965.34893964806,0.0844110874346584,354
"350",1028.71162947684,1048.60850335336,3251.09950618807,0.123046618164091,370
"351",965.445099425857,986.94566370344,3015.63308463736,0.0581505904768959,351
"352",1014.15369423337,1032.38627564835,3240.3758774687,0.0996291413434693,357
"353",1104.57964662954,1135.30788496412,3676.05543921838,0.0637867204588439,382
"354",954.945128658331,962.392145837425,2851.8461558285,0.0248341723220104,349
"355",1133.6772094283,1152.55880337658,3971.37682778903,0.0356694483211669,359
"356",941.384539314522,953.551944118015,2941.38205321545,0.0359196539033169,330
"357",1087.75022303539,1099.82623954322,3585.21452446197,0.024512558070902,361
"358",1033.31121917517,1060.48536431804,3403.82694565939,0.0824048277498748,358
"359",957.339247823547,970.992527705723,3082.06885708104,0.0981019330003121,341
"360",1006.63328280643,1038.60537257478,3021.64971447408,0.0301903497429551,386
"361",806.412242357482,818.103173131531,2105.30343989088,0.0148531415602455,343
"362",957.698012964967,958.923945027986,2936.60200818684,0.0410009744436047,346
"363",899.231273199924,921.245631194621,2693.84178877998,0.0121134515708814,337
"364",982.90919359436,1017.50460040617,3146.73285640184,0.0329313081350665,355
"365",999.645241877489,1014.23169439621,3136.99578645609,0.00540316857967378,352
"366",820.120670302682,825.558071457298,2263.46819839911,0.0821531874599334,329
"367",988.384751977081,1001.24048757922,3119.45141506493,0.010943321335644,344
"368",1105.16489877274,1122.59167127776,3705.11065653025,0.0704114244417464,367
"369",1042.15226272738,1052.52019992344,3323.84752148626,0.0534599392954308,365
"370",1024.64475389399,1045.00286777505,3283.89152507616,0.0900741369389094,362
"371",973.393338722919,990.710218466282,3071.74791434828,0.0329994054055487,344
"372",1039.42813514038,1076.36418008706,3537.44569892102,0.00232996782373008,350
"373",1002.04844691796,1018.86916903607,2928.63483462331,0.0834369506456719,382
"374",894.214148950605,910.495820032261,2651.92233161485,0.120452310235475,343
"375",949.875186930889,962.26049975028,2671.48320608401,0.0751106527103957,374
"376",968.847713746542,990.437662736752,2856.9554287129,0.0223599511132777,365
"377",1094.97568850452,1097.94788656495,3603.00762297078,0.0251049824796833,362
"378",1056.1798258692,1067.37552670729,3292.0897435513,0.0742806446889705,377
"379",1051.002613654,1083.92009881248,3362.60693685717,0.00193341692387252,371
"380",887.283095394034,907.230759609709,2491.12607971258,0.0852472818853561,361
"381",1008.50264052736,1035.39350680262,3267.51085352258,0.0816110503502847,357
"382",887.839014918354,908.241273712793,2481.15006649188,0.0546675963946787,356
"383",865.380060214862,880.999085754807,2394.44324058833,0.0413211597470432,350
"384",981.969781600003,990.310849562205,3021.57006561655,0.0278978524638823,350
"385",949.085277507197,955.44030370205,2778.21792180451,0.0321606561534798,355
"386",1061.70662446378,1076.94724313259,3326.02795105732,0.0236603348933756,375
"387",1044.23111532073,1062.91265277014,3369.23578264116,0.089273620540943,365
"388",944.298379518828,963.482173744069,2986.63429866676,0.0191565635046989,334
"389",1075.49510569505,1101.45200699777,3730.46554972535,0.0101495286513158,346
"390",1047.1896045767,1069.48533323957,3658.07727461567,0.0379452532032696,336
"391",918.571131804155,935.313920884971,2706.38556264261,0.0291268339864611,346
"392",979.977132717564,1004.39779896053,3266.74467323797,0.0741514686161045,347
"393",937.538437442079,952.742917230834,2978.15744096772,0.094899140231167,332
"394",980.212107842365,1004.22801145782,3110.38738234729,0.0636222053752162,353
"395",849.112466129562,864.811213224751,2605.15334668277,0.151569876303714,314
"396",892.124438776469,911.729614176634,2640.61140136005,0.0978658823526697,341
"397",965.568400463447,987.989024806086,2868.92105149142,0.0701009117674146,367
"398",1000.15729889037,1026.03602107465,3025.86702970464,0.0377854250594261,375
"399",992.518007446941,1003.11694669453,3087.87662602084,0.0868217765543216,356
"400",1046.66012898899,1059.44053331813,3382.24788058006,0.0708378262972108,362
"401",1008.67292061687,1037.32089196196,2991.92034632509,0.0261550983633673,385
"402",1007.1193275866,1025.3917633697,3089.56169273743,0.0656673528591661,371
"403",1046.01506647545,1062.3098863641,3228.65345865539,0.0835331257441582,381
"404",914.437703960297,924.840937665477,2644.83606613769,0.051480930418642,352
"405",947.957472580585,969.761904081488,2783.78066800839,0.0213193148566196,361
"406",1110.89138321407,1131.28465376477,3813.27655429034,0.0293788910567504,363
"407",1066.04867109938,1081.3254515911,3299.5955415906,0.116254192498027,389
"408",1066.33202059789,1075.63979522312,3329.36635332785,0.00433054436562704,370
"409",1060.10646011942,1074.71984226385,3219.32636533159,0.0788986798759066,390
"410",916.138000369171,939.343763869441,2777.04903424488,0.0960808455147498,348
"411",972.943832421931,992.351988403867,3160.62396637495,0.00558088544809917,334
"412",995.645661067497,1016.42180239938,2956.21986697456,0.072349398214951,379
"413",1004.25963675854,1033.14641955022,3063.24425660686,0.0406132295876761,377
"414",1031.64181991774,1053.71173049627,3186.93809651941,0.0169042334663057,372
"415",1121.62722302201,1155.60652542945,3770.65391902154,0.0791664131123115,384
"416",961.647314567482,985.797977171949,2914.95287028239,0.0580222446860545,363
"417",1112.08042665182,1126.99390980865,3405.60486959778,0.0049842254159174,401
"418",1057.49784067874,1088.71326218326,3429.32819473502,0.0123745798663073,372
"419",937.895792564642,967.569856023849,2677.53370582949,0.0371562806121194,377
"420",945.152695618033,966.011589595566,2942.72645936357,0.100430696172662,345
"421",1041.84084025956,1061.18327668015,3266.96634309765,0.0369020051895378,370
"422",1061.54341097507,1082.07675807158,3637.8781734154,0.0182050810403256,344
"423",853.041099622728,862.058643502341,2232.59547927249,0.0123066064702716,358
"424",1043.59359693477,1065.50904431747,3307.94912599757,0.11811040525506,374
"425",1034.38081323572,1061.5298174271,3232.93919377324,0.0939558904060413,380
"426",949.653965418542,964.400051535169,2863.45192913918,0.123289261265914,356
"427",1053.50050152953,1070.57527942024,3206.12117298346,0.060093037249524,390
"428",946.904553349844,971.368420748632,3113.63426357585,0.0296562756830558,325
"429",946.30390934265,967.943962494676,2863.60295923905,0.0740782255161468,357
"430",1070.56126316283,1085.27223589443,3472.60643230574,0.0358052460899325,366
"431",985.741237504581,1004.4013596562,2875.44711856691,0.0851344921280533,382
"432",1048.38984651348,1073.65431326252,3332.0337885935,0.00683053962782316,368
"433",871.4440841415,892.79086352153,2688.23734023643,0.0336221893968538,320
"434",1025.70332257364,1046.6153717418,3287.5136203191,0.0771664050361658,362
"435",1088.42506539259,1107.5877356893,3775.44109069151,0.0435443648218563,352
"436",980.483358241766,992.34810846915,2851.96479958625,0.0515662780408551,372
"437",1012.11676021389,1034.7026025291,2894.9214502657,0.0233403936323702,397
"438",1099.56162148691,1129.7293155219,3519.12891749536,0.0108756985550725,389
"439",1011.33685590183,1025.24216281534,3494.8934255745,0.024828235399954,339
"440",972.602544280755,992.301673516268,2943.495394649,0.0180552860480784,355
"441",948.06101099558,965.416455822745,2905.28528555552,0.0668331175727983,347
"442",969.396663948763,990.218070106097,2997.72116601154,0.0722276270602135,357
"443",973.201375744679,994.103471273294,2848.9051558444,0.114432960415604,380
"444",1019.3197139911,1039.70660897635,3222.40280307624,0.106349096269898,366
"445",999.677106651505,1015.09266727022,3063.96159448473,0.09214251445179,365
"446",979.844733736124,993.199575592136,3019.77977883875,0.0184400830215983,351
"447",908.797583759896,927.608460109886,2643.62244165902,0.000240031465063129,348
"448",961.910875800068,978.27637501918,2894.56247814839,0.0309077971134856,357
"449",909.64110508666,930.909891284568,2826.21833744435,0.0328202590837871,328
"450",979.921625462259,990.409229390288,2977.0591250463,0.0917883895626135,358
"451",1033.5562534817,1048.17044110057,3253.95343768506,0.0282435920756816,363
"452",978.464053434368,986.955974449018,2903.75200276785,0.0455646212142358,364
"453",949.496838281714,976.58223828619,2854.91227636339,0.0216600229060022,356
"454",989.996193126018,993.742808666722,3220.09181838845,0.0451288718222354,332
"455",1017.45101841367,1035.05522099122,3230.73974109032,0.0681322743262939,362
"456",1045.19179306987,1078.36219604372,3403.02311052633,0.0624009143731267,373
"457",1093.45670484709,1116.03085819086,3540.76605422152,0.0295477431547279,377
"458",1032.45835404165,1054.99848802284,3354.34868343155,0.078069867509112,359
"459",1017.27306786601,1037.15230552696,3217.62566677243,0.0156674470794845,358
"460",1044.82720774499,1074.83891911293,3274.73795497468,0.0420905032845815,380
"461",863.727593561432,880.79219826859,2445.89623323781,0.123100234025994,347
"462",1026.32064606427,1048.41898504186,3181.48943040896,0.0224929237777418,371
"463",883.223906906805,899.05373317792,2488.56289917157,0.0573788217453723,352
"464",1038.07481117815,1052.02791136932,3112.87950444287,0.0419353312680882,384
"465",930.119918743013,940.487047003834,2927.926780524,0.0742744144329096,329
"466",951.621234514669,957.140712837966,2722.02659022043,0.030470829682009,361
"467",1058.34806452333,1062.58341758982,3439.81043888454,0.00407381022712833,355
"468",1042.88632941355,1066.42878071042,3424.64432318761,0.0674816079467652,359
"469",881.875076110948,895.936895520135,2483.81062715756,0.0533765797802643,350
"470",1009.13470290845,1022.54110347611,2992.39567469456,0.0232108888266332,375
"471",944.12877872553,961.133230612184,2974.27850406843,0.0401996960623997,335
"472",1026.88020852702,1044.10617783063,3183.50506753495,0.00993578297451511,367
"473",986.360154740463,1010.5875954431,3040.61102882069,0.0390715924328591,361
"474",989.777879821294,1007.68955114828,3061.75353377486,0.00804670622337617,355
"475",930.525390584033,950.700304884599,2836.74395694502,0.0682606667195345,346
"476",1050.26111383282,1076.34328705442,3252.23102214758,0.0932457651607979,387
"477",1061.99668184446,1082.5736420316,3270.58422534211,0.0271710035033591,387
"478",894.425915048683,907.192592906981,2664.30778539758,0.0977510443591461,336
"479",890.866627181971,914.878555890808,2633.61858727619,0.0499583280668909,342
"480",935.472019693077,949.480951839102,2614.17023228434,0.0726430163911037,373
"481",967.625375020607,995.087412704727,3200.18182419261,0.00812228570558964,342
"482",1142.63793511388,1152.27444876173,3525.92139449226,0.0830268884922286,410
"483",1051.38640355416,1065.03306062127,3302.80705203575,0.0421259983580338,370
"484",954.995471323085,973.908299086428,2956.69379799958,0.0115319168235475,341
"485",944.477219197856,952.719609724895,2774.34425425415,0.139887257865993,358
"486",957.467199436782,958.636331114808,2755.4230407037,0.0700994456951508,362
"487",973.314929368285,1007.20077466259,3082.30027800596,0.0219485305628119,353
"488",990.035974834266,1010.17372744671,2964.88033775409,0.0190308302698293,366
"489",1078.82427466723,1097.4632561857,3436.30433435927,0.0234118678562303,376
"490",1026.5886916668,1040.60589895539,3394.22499123063,0.0169072139629618,343
"491",1010.55060345583,1026.7591617201,3085.70255436476,0.0802800941892161,372
"492",1050.16844696937,1074.34092390281,3450.15697600939,0.0160598204863315,357
"493",938.107283888605,955.710930809962,2782.19598546612,0.0986413831663411,359
"494",1015.17553721829,1044.49246587678,3134.10597800194,0.00763595296522044,371
"495",1006.48924880692,1021.30449739353,3156.93943493161,0.0105657742732448,351
"496",889.662911700837,901.417168395463,2538.31359571258,0.0985191356206304,348
"497",1046.83227615953,1065.93586543774,3372.49388278363,0.0518872509506699,365
"498",979.622989068903,1005.59139548261,3033.21433447456,0.0907028543075251,362
"499",1013.16860444052,1036.95655909793,3068.46874149921,0.00711653724152529,376
"500",994.032431392573,1009.87902417986,2912.76540051051,0.0840365003375851,380
"501",951.783392496118,973.800610649609,2995.0671897774,0.0433818646100547,342
"502",1026.9004622949,1052.71472854712,3135.03521928018,0.024760681603354,377
"503",894.674589477433,907.223913386502,2578.59764569442,0.00409077486896867,340
"504",947.77321784917,965.507470597904,2983.93205387869,0.043758086410297,334
"505",1003.38535407037,1023.98109888052,3011.93886191749,0.0593299047569227,378
"506",947.098221767664,970.176884424554,2900.16333869343,0.0134982594547804,347
"507",1002.55426455464,1026.48965062525,3113.80023504822,0.0112985652690892,361
"508",993.217931237201,1020.22860087871,3102.22547816253,0.00892439892964478,360
"509",1048.24111281812,1067.21859326129,3236.21891518821,0.00301390514617612,376
"510",925.797301434846,942.332401301441,2742.76785279037,0.0935244935430457,352
"511",1079.88314312359,1110.16469367118,3641.88300082424,0.0983661644730366,368
"512",905.209607044698,923.226990933973,2731.97629200614,0.000767413841406696,334
"513",878.231079105007,891.355751732047,2661.32564918028,0.00909749322609952,319
"514",1021.84860338525,1041.73533731081,3160.77919596448,0.0554161727251075,372
"515",944.537895489378,967.28254260375,2808.39676587917,0.0590404766631854,359
"516",996.572737217397,1013.68398483537,3093.8574257554,0.113778503019846,362
"517",909.29533842056,930.372433862683,2758.84292463854,0.0117106155829638,335
"518",1018.85486399766,1041.40764651835,3430.82863905167,0.00295956087590906,337
"519",989.087182308834,1009.9459328518,3010.64670117065,0.075787751712716,369
"520",1069.79297339395,1090.92922271077,3580.14295549392,0.0217161806690734,359
"521",957.125093985621,973.404447841173,2790.63987089357,0.0601190818862992,363
"522",912.512759244554,933.472004474666,2732.73146561272,0.120677565301606,349
"523",971.380477583441,985.298405851959,2864.23160197565,0.00561504070344904,362
"524",964.430065283745,986.816820959606,2899.67674158156,0.00109843174758834,359
"525",1039.05402675487,1062.25121803585,3400.34013338388,0.0393236036403629,357
"526",970.188300312969,986.857798306929,3113.7812209269,0.0845469051727675,341
"527",1037.01069359287,1054.59777118357,3185.03112966155,0.11436097001788,381
"528",999.219143032438,1017.4656313827,3090.00823749223,0.00361482273011953,358
"529",1098.72883088524,1118.19426626594,3708.11163550753,0.0730596538619191,368
"530",1024.25547652121,1041.74795768282,3193.38410876636,0.0299077655730582,364
"531",959.581624588861,974.792767900049,2992.33466975988,0.0859996991582554,347
"532",864.143854545788,876.315040574842,2345.7803686455,0.0631628339125172,354
"533",931.931141666498,945.612768147428,2930.65278108145,0.0101481570407176,328
"534",1065.61227350886,1085.87641307334,3516.99611511613,0.0453379334979954,362
"535",1166.14649985995,1181.7467153625,3974.30035388369,0.0758592220951592,383
"536",997.824172127699,1028.87141935943,3022.29164763339,0.0641784250482335,381
"537",1043.32576917146,1068.69539288636,3386.55716573596,0.001203443661791,365
"538",950.706479994735,965.418623159004,2681.57358751199,0.0211725961524205,371
"539",1015.49260639854,1041.43386169481,3447.06256011046,0.0367416407782592,339
"540",1043.71854546855,1054.18452967758,3254.44858107224,0.0387476492767152,367
"541",987.207942936057,1020.91097281015,3018.2820831175,0.050382825613635,374
"542",906.457199563463,923.596477416589,2600.18131648536,0.075021657491693,357
"543",1065.64448480916,1079.73543338251,3244.34978604146,0.0423751347193406,389
"544",928.969532359091,950.423975774824,2861.4755191675,0.0433581982346543,340
"545",925.688370311895,950.561364714958,2809.58921112213,0.0378378504502773,344
"546",1086.71444069172,1108.86516952302,3618.14550154416,0.0175642780108476,367
"547",995.398343952783,1008.74595784771,3004.08563328096,0.0444661382903391,367
"548",913.500883715987,928.079720447879,2832.79193910492,0.0714678243231979,336
"549",1117.20765072847,1143.31809427467,3713.42585043087,0.111604147826119,384
"550",1056.99199751672,1075.24508309771,3331.33853550698,0.041425996500484,375
"551",1049.66569468638,1059.56192641016,3384.58254653588,0.116953970147066,367
"552",1021.03418970306,1032.46282287984,3233.85816480295,0.0490131186832439,359
"553",1107.74758711154,1118.55134793481,3462.3035296813,0.113977992628466,394
"554",1056.30036648198,1073.44818149686,3423.54563491742,0.0688067990281652,366
"555",883.351368906771,900.620705755853,2468.9828368824,0.125332072174898,359
"556",929.092191576834,943.455448640412,3004.56534667828,0.0729445807762041,321
"557",1122.21281893925,1139.96473404724,3724.82521028966,0.0196072758966006,379
"558",950.001667455479,969.857045324344,2810.85780250051,0.0779919666089864,363
"559",1155.06524515297,1171.32184045314,3806.38377714227,0.0539879250767883,390
"560",985.492593831912,1008.29567560509,2914.45909214017,0.0164581751479797,372
"561",992.194202403138,1019.94722299501,3099.57747367613,0.0901575900079396,363
"562",944.875086884912,959.278511986766,2813.24495280478,0.0463108529209002,352
"563",968.494090718684,979.806445939033,3125.78380482275,0.0492126161326734,332
"564",934.979863330134,948.743406014036,2872.42659277484,0.0193194744837367,336
"565",991.627392988003,1006.26412427707,2990.06903499782,0.0642520572737146,368
"566",885.326617219472,906.762518912147,2680.75030048913,0.0399680969366682,332
"567",951.0364182362,957.44910044034,2801.98949524838,0.0676696169262119,355
"568",980.194853580281,998.727534931844,2974.6340680609,0.0866440196178064,366
"569",1064.97378975457,1071.71235679954,3258.82757128626,0.0135664480436664,376
"570",944.001150765016,963.214318207619,2861.78638911853,0.0888460715705146,353
"571",965.863931330819,978.395690084617,2967.02569516111,0.0849475409841809,352
"572",1014.06943486368,1036.53679945358,3149.2029155121,0.0147155050181386,363
"573",1027.67188224773,1040.82678608429,3397.39916467377,0.107400615452631,346
"574",1027.8850566327,1044.20119247233,3092.86937900121,0.0712255449743553,385
"575",995.70824288461,1027.65907843793,3118.93966350696,0.0112409457017654,362
"576",990.924639290476,1004.64229342732,2925.38991642359,0.10793263778688,378
"577",1049.23456649967,1068.04294555907,3418.70553223783,0.032222233324954,363
"578",1009.81405660362,1015.2313532095,3145.06640245724,0.0821907500459768,359
"579",883.590671232891,910.481479304299,2550.00738817835,0.0891599514017391,356
"580",1041.71087581559,1062.8138256447,3528.52279599179,0.0191535383868308,342
"581",936.989391871469,956.800832662095,2822.18648575092,0.0397940248796529,352
"582",962.160622953397,976.337554094947,2936.28597079168,0.0776326252331926,351
"583",912.937983013639,922.467861962663,2473.86509688669,0.0674197517087189,376
"584",936.657594966334,954.386548794565,2837.90303980149,0.0957243631146007,350
"585",1072.38361070375,1083.36451109555,3736.10984004087,0.00240691860080087,335
"586",877.580542533187,896.021950585815,2664.20777173405,0.0548091695101512,327
"587",975.487582788667,1003.00239556341,3046.56083060338,0.0782181545974884,359
"588",899.591838953427,920.158487305324,2644.94437366687,0.0851248472350873,348
"589",915.892590933599,932.682806014847,2607.07970712991,0.0280586072136612,357
"590",935.926403552077,959.859992314956,2797.09713748078,0.0655340601392763,358
"591",955.993383408969,986.402080224517,2958.30926029356,0.0808974659028846,361
"592",983.58228036772,999.757561888787,3173.25714847306,0.140183402009877,344
"593",1064.89084019149,1085.94254550459,3374.25114721342,0.0113421518802463,372
"594",913.515138452389,935.559162345149,2894.90512440902,0.0458446249469761,328
"595",1076.67692785837,1089.48821191068,3411.4650797323,0.0670807874726187,375
"596",1016.18420019124,1040.31343533139,3231.09349189713,0.0105081678474081,359
"597",934.275025030812,952.614967486474,2688.21614673222,0.0517396239607854,362
"598",836.149370850913,862.666593335253,2448.47515051517,0.0791134871362647,337
"599",1043.39469641399,1057.53998500004,3272.27300570751,0.0123009931313035,364
"600",915.666534604259,939.400883160332,2740.23233333402,0.028011984382207,342
"601",932.31830159231,942.808685075385,2753.11202782798,0.0481429036970618,350
"602",1038.06284568629,1046.77610582627,3180.68180746076,0.0901955197190352,372
"603",903.004567932832,923.12439411477,2680.74549466732,0.082893130706672,346
"604",1013.05601675484,1032.07269960287,3142.89204005877,0.0234942912801661,360
"605",1119.47591166603,1147.17571089622,3758.11193246125,0.0359777937041761,376
"606",899.604015083738,910.467925448075,2595.20949455634,0.0974178674957556,348
"607",1092.72352784999,1110.11531292955,3470.2135645361,0.102649901917778,386
"608",888.017586659367,890.026449576506,2634.97446152196,0.0241022058399484,331
"609",919.111909007736,940.06104394492,2822.8755744832,0.0155784880094908,336
"610",984.714074479909,994.16737972083,3027.69750035406,0.0675730593483976,355
"611",1069.19230547259,1088.37728192896,3222.91933633445,0.0664516458864667,400
"612",964.830039372149,970.410303137613,2800.31408259372,0.0201760866331455,360
"613",1030.742910038,1048.36756106993,3317.11766075705,0.012639390668982,356
"614",985.527429839804,993.467075715698,2960.09490123508,0.024151601664617,358
"615",1075.64455000672,1099.39068214405,3335.1623437439,0.0385875895344464,394
"616",957.026583194623,978.03075880086,2965.41279547732,0.036823441067138,350
"617",1104.24234643817,1129.42785391506,3662.95558403928,0.0573563902143722,378
"618",937.07584491223,949.752647573715,2947.25966529979,0.0733597744187968,332
"619",1001.04970080313,989.643773315957,3056.47431198219,0.0521172082115379,353
"620",965.298283644081,987.94513278154,2998.08449436888,0.00273314583360937,348
"621",983.420128055695,1011.27334987217,2990.64051512187,0.0749687761354649,372
"622",957.95231108688,969.094102031595,2780.08829965157,0.0964628220095496,369
"623",1025.61800065952,1038.14719236478,3049.75266776809,0.00267935731363864,379
"624",981.760250637149,991.576488409514,2796.56951783981,0.0545142478818777,380
"625",994.956120814121,1006.44682263486,3207.70672957546,0.0466951027391593,339
"626",1012.11491094774,1029.52589011551,3264.15613747425,0.0518873705755,347
"627",1005.68251420858,1018.4944276185,2952.60905242396,0.0691948955403216,382
"628",939.710687869047,952.442287405699,2701.93790445616,0.0287787533607867,357
"629",965.467082306246,984.285505045232,2867.46356684444,0.110547284426975,368
"630",1034.87163492784,1038.90455146817,3214.95588325981,0.0172122319586059,359
"631",894.852087534626,907.753547301965,2625.17121259944,0.0988255427559497,341
"632",987.013543982243,1010.0407515836,3013.11954343234,0.0799323888237003,370
"633",1101.49914525165,1106.84284475533,3401.45657764359,0.0899217558802769,396
"634",1006.51066382638,1017.17958070473,3086.59981377803,0.0101430871776362,357
"635",1055.04934357837,1077.07083203565,3304.57916882775,0.0950707789062941,383
"636",865.144408617607,890.080599184318,2576.48112917453,0.043165288398666,330
"637",1048.58005311801,1058.21415540377,3416.0454396228,0.026369403514119,353
"638",949.987055911431,960.922052506189,2912.54863567741,0.0572119968597915,343
"639",882.134278434184,900.743655217796,2420.06367541086,0.0158496056386857,357
"640",875.948768959167,891.470527976919,2536.93122707819,0.0825697615775251,340
"641",1048.13714341609,1071.6233371606,3595.19671480338,0.0985486188692656,364
"642",999.570839388544,1018.36129151734,3114.9848060314,0.141385247353601,364
"643",1008.23660557272,1022.19653605066,3233.04690115246,0.0458064060644199,351
"644",1090.66849971351,1104.35803774065,3565.29457310768,0.0584660638549684,375
"645",904.847037214426,923.345817061622,2602.88685808097,0.0250242845801823,350
"646",1077.39851613692,1102.35253844845,3530.32716078107,0.0358346055790314,369
"647",857.24241431921,872.161654376875,2420.93789901996,0.0815152718760365,342
"648",968.874889409777,995.428010140843,2982.67635707813,0.033062125000241,357
"649",1036.97048555051,1051.65654098666,3317.5152109434,0.0414348429900191,368
"650",1094.87603895548,1099.90432376391,3522.4886919217,0.0225210712333223,369
"651",976.130435837072,991.930190025782,2859.63913381171,0.064733219172998,376
"652",898.92516764588,911.646698172569,2935.35093309905,0.0464403631194109,313
"653",961.465671341606,977.192301692229,2857.96780838632,0.125131553240606,364
"654",822.977032482483,836.670292445316,2247.73017554053,0.114170061665501,340
"655",923.931893455269,941.992150095281,2693.01594307926,0.0595101907068817,358
"656",1071.48495612952,1109.50299194013,3725.23586219591,0.0112670938115805,359
"657",860.716411201473,883.268547185786,2554.23215945044,0.0677395357295669,332
"658",902.870246075925,918.160182880086,2729.92949680226,0.00592915999301687,329
"659",914.296735180369,930.942222862868,2869.55147675612,0.0607948074344038,334
"660",1027.03923012014,1050.5818156723,3309.72717861265,0.0629131671171678,360
"661",1047.77800182633,1074.4054862356,3263.85001562814,0.0566662025761325,386
"662",950.137661965918,956.145305691128,2769.68837333686,0.0296902511009237,356
"663",1035.62012028195,1049.19350701533,3104.94322277802,0.0374265134824937,382
"664",911.672480476615,920.822618936852,2653.81620787073,0.0364676429208081,345
"665",923.517193813754,939.366232413948,2772.95420798888,0.0198349826582413,340
"666",954.710274126833,970.879447501463,2714.24098654239,0.02959405059411,374
"667",915.111238425277,931.387676276686,2752.10972861707,0.104660212472539,346
"668",1137.07394561226,1147.69832104417,3711.79859111474,0.0449247754619707,382
"669",981.431545349157,996.383389632821,3002.32663890594,0.00794854162118511,355
"670",994.572781364804,1013.79463002026,2887.83617376337,0.0175822819531532,381
"671",1097.43514969013,1113.03603734862,3388.9646124411,0.0319883075085514,396
"672",1061.32420932613,1086.64633694953,3236.73797319366,0.0264122027628332,391
"673",984.871611849273,1009.45112956392,3093.36602213767,0.0173467039315342,356
"674",1021.68389351817,1052.5110749946,3195.71124775287,0.0899353771710857,378
"675",1096.64482696875,1116.6028209571,3545.57070036968,0.0818649260294355,382
"676",1118.1990497217,1153.37449603225,3555.78857850259,0.146111037438571,410
"677",991.811018189315,1001.39154999893,3156.67762100907,0.0493870827411581,345
"678",884.373735987474,898.88314491434,2719.88545199029,0.0221049067941638,327
"679",1074.6958013421,1088.52044796001,3495.59647980963,0.0548793748218587,369
"680",979.894085253049,989.680777318454,2879.91306221782,0.0573660968456256,370
"681",960.325967565485,979.191741888562,2944.01143725206,0.0657384892198246,352
"682",1154.91672863322,1184.10313731871,3931.13939334335,0.0289741040646919,383
"683",922.231626715512,948.843922392119,2821.33961969303,0.102390271287723,349
"684",899.66684934887,924.001335018134,2610.42374225252,0.042756223711818,351
"685",914.699431201319,928.523354733055,2792.70838031129,0.0635801654475555,334
"686",1065.98462429007,1079.68936524247,3341.22256524482,0.0570209549809824,379
"687",911.002755181208,927.618265055562,2505.20708564583,0.00255022943871271,364
"688",961.295846705232,979.708974063576,2700.0767768217,0.0357584752513144,382
"689",936.874521460734,954.738381221348,2649.6530747266,0.0615418557681585,373
"690",1003.22629483576,1022.88568546391,3229.79496584036,0.0642471677304877,352
"691",931.359517188727,959.152188545642,2773.27563295963,0.0756811216784203,360
"692",1020.678998637,1042.733551978,3245.79531638449,0.075449057836261,362
"693",1015.08037494253,1031.62668642669,3171.26889678343,0.0756614493450027,363
"694",892.272927311148,907.989274633551,2597.54796627981,0.0354586466424672,341
"695",947.181031292728,971.719915516507,2816.23279597496,0.0216295443426634,359
"696",981.428025946809,986.881702849431,3186.67256583697,0.063470974036956,332
"697",1003.38149772275,1012.56446504972,3148.79963499266,0.0934111281016236,356
"698",1081.41487235701,1079.74433687668,3232.42251849677,0.041743771796638,386
"699",911.183864913738,925.516811268512,2734.09874086904,0.0324034964534873,339
"700",1018.91423411532,1049.95602443418,3287.94943135963,0.0549931507189107,363
"701",985.886175704971,1004.51102271425,3148.0041082172,0.0236455243410113,345
"702",929.452107982176,953.279799514657,2920.40939160318,0.0168668977499694,331
"703",979.64019199625,988.554760706807,2801.15132452506,0.0542049236787236,378
"704",1067.87145617374,1080.76136072005,3451.23111604338,0.0259392420579268,362
"705",979.358745458842,999.429638897097,3014.7521997093,0.131729967405364,363
"706",990.799870928176,1015.22072139562,3095.83771666298,0.0746429779739409,362
"707",997.887594249898,1024.25452275369,2968.93572041667,0.0586798842300018,384
"708",1053.98813622373,1079.10792966112,3230.94655086454,0.0255571418943637,387
"709",1015.66943783931,1031.72469427057,3223.31074617293,0.0426284279059942,358
"710",1017.91494016674,1045.00160940702,3122.70510059879,0.0487895080664888,379
"711",1014.19669155228,1023.05197078712,3044.76936949611,0.0588191372842162,371
"712",1069.70948108472,1076.92969241078,3493.61215618777,0.0328578501230119,359
"713",968.55208702203,990.362775506576,2909.13720820225,0.0342854179726139,362
"714",1069.27990230387,1079.80573489301,3427.34449591334,0.0197969396438469,366
"715",1108.71061870895,1133.98702444297,3807.09881565757,0.00220906592917797,360
"716",988.937867593382,1007.8826978774,3288.15344879673,0.0137347768479927,330
"717",969.486359513081,988.318692036298,2980.12299421821,0.106455885823979,358
"718",969.744536269309,990.508062568089,2881.24737691772,0.0667794614591649,368
"719",1027.73433800518,1054.51140584195,3271.17952706842,0.038845047476104,366
"720",1034.92064155664,1062.11886880626,3202.19810287822,0.0191040854921083,378
"721",968.345992019772,985.574189983817,2843.67724316506,0.045444746457784,370
"722",973.082869290571,985.021634935048,2850.68203520208,0.05666241625843,370
"723",891.753064820578,914.760267519368,2793.74677336142,0.0371729072791603,323
"724",1023.16955939247,1044.26681055826,3279.05488063993,0.00748295097223159,354
"725",962.399126870164,975.854060402212,2939.07613504632,0.152473996306585,354
"726",914.989060730193,939.941538248434,2901.58963062547,0.0099135961475007,327
"727",974.002061291885,996.408211794903,2867.76343125038,0.0461128783208393,371
"728",941.314333135045,964.578603974458,2984.69085686124,0.0312517551423961,336
"729",929.918666509534,952.193267694371,3029.42437042368,0.0398843028552157,324
"730",985.132914384398,986.190389684784,2961.77485591314,0.0265140218587933,352
"731",984.92469159578,1005.33990236164,3052.55100614543,0.109408835655363,361
"732",1028.36890252656,1049.40457151868,3060.92549835924,0.0351171963956279,387
"733",977.800643042379,1000.24544626935,3025.65410748239,0.0166857138761363,353
"734",1010.29923310534,1035.81817824326,3158.4895233507,0.0829737203191745,370
"735",1112.97869153487,1139.98842197803,3827.01953930382,0.0696039693032782,368
"736",1065.16072594309,1080.64495720549,3473.12637852208,0.0317390659924653,362
"737",991.939914649984,1021.04383345699,3191.82093432681,0.059973758344403,351
"738",980.009351521486,986.020651631331,2870.69284771899,0.0699474658588875,368
"739",1003.30730930055,1027.46281612724,3214.24207574205,0.06292801659851,356
"740",1121.70418417246,1141.61211708577,3535.19550849196,0.0565623699167895,398
"741",1006.19062861126,1036.4000794177,3059.8696680409,0.0121350126614801,374
"742",930.825491603226,946.152570821392,2998.50515505132,0.0884361691176205,323
"743",955.882356216284,966.491045712069,2715.31850817159,0.0122404885630194,368
"744",864.102774565849,885.038714147509,2601.67892628311,0.0238515041461977,324
"745",960.192583173369,1000.77528045397,2955.82742739904,0.0112760864198562,363
"746",957.679984390194,966.729026812869,2709.2835602307,0.0864420312730849,374
"747",980.200543843625,1003.46027529406,2921.50226691353,0.0868790543953621,374
"748",989.544005265614,1000.35793999162,3123.46569206751,0.0924463479145208,350
"749",927.661095734546,941.629507775081,2663.28549160204,0.1076746915841,364
"750",994.312763673996,1008.43676771509,2985.21752949069,0.0534008136434245,368
"751",984.45171880542,997.459700273408,3197.03551417962,0.0153317833254039,334
"752",972.82698814559,990.676250542997,2893.05617508783,0.0863072994791488,369
"753",1010.15040572688,1031.118743981,3169.46591954092,0.0693337504682969,365
"754",939.580961806797,969.474455003782,2745.21137502669,0.0176965083920251,363
"755",882.496450936565,894.399047167612,2696.15150327779,0.120717011222169,323
"756",898.946977461752,916.625074926184,2625.0165735366,0.0611863536833003,346
"757",866.440626806523,884.06402584431,2468.33036649098,0.038541163428448,337
"758",1041.42137883913,1065.01692782634,3320.86230200064,0.0475267361504856,369
"759",954.067119207289,968.509190326565,2939.3973993591,0.0289522304103656,340
"760",871.377680583756,890.050753628799,2540.768934093,0.0668555346689292,338
"761",965.790865800323,991.065585603548,3161.11779346646,0.050828086760772,336
"762",999.615344541713,1021.26566017964,3253.16597718853,0.073575710772717,349
"763",1002.60694024832,1029.77960869664,3310.36161442359,0.00147497936970157,342
"764",950.113826745475,979.192126735756,2882.39907471592,0.108267016556774,364
"765",1072.99108296033,1100.97403243735,3289.55969581257,0.0341033584791997,402
"766",879.207710549093,890.598061498292,2627.96535751694,0.0122638401432247,322
"767",861.469545431239,880.758974585128,2373.38018536128,0.0693981901176644,355
"768",1033.37896252803,1051.26412445656,3317.33277622368,0.061992692077136,362
"769",1047.47073897274,1075.07106375527,3489.00879182185,0.0214079157275251,357
"770",994.76891286002,1011.53321065388,3010.79243606292,0.0352454526420888,365
"771",958.93224240451,981.529060716711,2875.37736626704,0.016263926962443,358
"772",1014.42705116623,1035.53413130173,3039.41861949945,0.0160582677124972,375
"773",1072.30830790739,1081.20148455409,3336.97828536354,0.0734034123652115,379
"774",881.731562989941,903.545791618477,2657.01888317342,0.0794746256965513,335
"775",1033.87347013674,1060.95393681835,3265.5362000603,0.0619507225284812,373
"776",1004.56745872351,1035.47817350901,3052.21871020835,0.00837954209053833,374
"777",966.688515085247,983.984367141468,3005.33766587034,0.0847504188467123,351
"778",929.09158780073,946.371146905805,2670.29973140808,0.0703203232899144,363
"779",993.455908807321,1017.24912070268,3065.63048001867,0.0857438445958925,369
"780",915.15274761508,931.491677081034,2702.47877910214,0.130193997514149,349
"781",1049.59615645665,1070.08633340759,3206.71497917036,0.0121625043780088,381
"782",1081.07781518651,1090.09608188944,3397.99655882547,0.00721613083796256,374
"783",1006.21281090828,1017.54099839768,2929.93573276443,0.0226822331470374,378
"784",1069.0897450461,1087.64419295631,3364.63627929659,0.0328066963837452,376
"785",962.114225928412,977.56917613117,2865.77073908325,0.0741757257653273,363
"786",1005.79740559031,1028.00661821,3216.39362283493,0.105425319950755,356
"787",1019.09470641557,1031.83784776235,3132.19487090026,0.0655142513865939,367
"788",1004.03388814447,1014.79980493136,3298.1460485151,0.0294084321937955,334
"789",974.868348615214,990.622859241999,3170.33569790388,0.0957657624364043,339
"790",1084.40756413532,1111.22042131756,3596.84593897055,0.0226117506514323,369
"791",953.808676788953,964.165542808332,2868.70643323731,0.094261607316246,355
"792",1075.62458256187,1095.91874587701,3359.02406374663,3.4606691486181e-05,379
"793",917.934959971256,944.445437255736,2898.02503464545,0.00796018560195772,330
"794",1015.75327002116,1028.51733651205,3183.04488654891,0.115386067956054,371
"795",874.366943554326,884.449738421562,2635.76415165082,0.0349595075428625,320
"796",1050.40879727067,1062.74719866066,3129.79037786512,0.0976378806644937,394
"797",904.75730837328,921.566710671783,2745.08139766332,0.00270465090068923,331
"798",951.216907997178,981.437254802119,2918.57522230634,0.0318088118598451,353
"799",853.960061307953,874.4218671401,2595.30763703639,0.0627432192920067,320
"800",1035.56319551148,1064.03033828952,3225.53136125,0.0524198028982144,378
"801",1022.40371868462,1032.98598899829,3109.68680408274,0.0859660352233173,372
"802",960.14959442362,975.883531398791,2933.78482229916,0.0655354825038621,351
"803",882.611663533577,906.636478329205,2462.95346367818,0.00686570072524372,358
"804",915.518245055718,928.72327648094,2658.64989700029,0.103284706717173,354
"805",1087.96444425925,1109.14744281173,3393.5741355545,0.0351444655226068,387
"806",1046.47490795804,1070.33251245303,3316.25367551382,0.0557361690205863,372
"807",836.243897773975,863.174274721776,2479.60951292376,0.00666633061967549,322
"808",1032.55898429834,1047.23839371928,3175.24453963903,0.0408293128049259,375
"809",871.11986467621,879.867676587831,2553.79426514138,0.15422457495486,340
"810",895.685180423988,904.27381795404,2571.23531151313,0.104223183328751,346
"811",1007.3425849203,1030.94864016352,3070.04459100106,0.0494110833375923,376
"812",950.893091881771,964.953639614163,2803.92313008185,0.00135672768149882,355
"813",948.012930946496,962.819261806597,2814.84058001998,0.028171403549221,352
"814",1094.22629825451,1115.60918276948,3685.64310046715,0.0843686245302098,369
"815",949.066142154577,966.652645785879,2678.59190177861,0.106697967929216,381
"816",924.413156988253,956.650053410681,3009.07730645601,0.0858533431178644,348
"817",1033.12713262343,1051.34547991259,3180.34336123213,0.0155713775221764,373
"818",1006.61093113629,1025.2624101572,3071.79585430631,0.103818202858362,373
"819",990.541156220357,1019.23307969192,3219.11655699219,0.0134737025125147,347
"820",982.153301854489,993.654839566431,2770.05140728634,0.0703962231521776,387
"821",937.026566661857,955.662787293176,2858.16541672024,0.0047255806851421,343
"822",971.89010715261,983.404913999865,2834.96680331457,0.0998213713883565,373
"823",996.127451630871,1021.65505486504,3202.07694100448,0.0195673971016529,349
"824",1015.72149018694,1034.65184889781,3200.30422858432,0.0166335795351616,357
"825",913.660356967309,929.150961108164,2623.2710182986,0.0712131700577818,356
"826",1084.29576097702,1106.13059704739,3339.64802763333,0.0674248347119672,397
"827",1053.01388612871,1082.64146516722,3615.91228460256,0.0913304228271036,356
"828",1080.61464207637,1090.69418541215,3367.67908354254,0.0367111365152701,377
"829",1050.59954735139,1062.73503181163,3373.0650164283,0.0666264518080646,364
"830",983.696436952088,1000.80888011159,2976.24775614792,0.00723972587410414,359
"831",1000.87960978384,1024.70254912713,3092.14632220048,0.0100852851126065,364
"832",1056.28146450787,1069.56630766284,3535.18659821742,0.0568664501185755,353
"833",1025.34775454808,1056.29199343786,3607.72029407105,0.0991828926209066,336
"834",1085.67982676365,1120.44426845593,3691.0146223149,0.0645289684874389,368
"835",1211.10277928218,1222.6624731374,4122.26986126455,0.0234380658188879,392
"836",981.711359539026,1000.72711979106,2927.00130546429,0.0661946815309983,370
"837",979.262096210747,997.308160296882,3043.99202989667,0.00236725263760372,349
"838",1003.76995470137,1032.7224304665,3392.14736397023,0.00834848578156737,346
"839",913.080268809999,929.809548482669,2644.74986937588,0.0373324501835906,351
"840",1114.43592104535,1132.19682549617,3513.16735575749,0.0348441623745076,389
"841",988.503854659184,1003.4782096534,3141.69289494644,0.0966482639345704,350
"842",1057.82609247298,1070.90637357862,3513.80804663339,0.0200476496228224,350
"843",983.479832422213,998.149881598441,3123.21311209413,0.0413537389374257,344
"844",1055.947828392,1078.15736362129,3468.91109499783,0.0407676894429373,361
"845",1129.26338668347,1139.17064311532,3578.68969021726,0.0665695935694531,395
"846",1011.58290160598,1023.71209165345,3167.41066739196,0.0729735839404494,360
"847",916.983811446298,933.639698586225,2685.27685674884,0.0312404704903949,348
"848",950.34990594325,967.893670030222,2951.66006376982,0.100269904631448,345
"849",1034.69204221853,1048.92985774305,3189.02052932434,0.0989843897181075,372
"850",954.13293487872,971.885997727965,2794.61109152398,0.0112589615987761,362
"851",1127.31136434567,1156.74376733411,3657.57102382792,0.0140025257268071,391
"852",950.977661153153,960.658865909797,2868.7811467451,0.115790474799723,350
"853",989.493866561693,1005.33493232561,2980.45665184292,0.0452866859154874,367
"854",1063.8646209617,1059.90368007928,3307.79726635163,0.07018024462701,374
"855",939.605170705911,955.670313003538,2627.44957053219,0.0185974856078035,369
"856",1013.47247323591,1028.06076675915,3127.03335808558,0.0351631396871567,372
"857",985.609930264278,1000.05094826566,2974.45737951803,0.0975080134426254,367
"858",952.459319172755,959.206784238428,2864.20626953615,0.0081333381549357,342
"859",1110.85730058932,1138.87125647762,3577.94175439817,0.00783205088428167,385
"860",953.000097228289,964.509811639492,2926.69042876845,0.0666891569903497,344
"861",1062.34452000342,1079.28413702292,3472.68453119876,0.0802040538873895,368
"862",985.296827908835,1001.33368051295,2894.68224514839,0.0270148068830334,372
"863",897.508504270421,930.36425837974,2694.86876926048,0.00483702506401493,343
"864",1013.62077937432,1033.05652272786,3216.27425646209,0.0958342869985789,362
"865",1052.10898209674,1084.82273459706,3487.83818685159,0.0235338915843972,361
"866",982.980720618447,996.388404574202,2936.37390806806,0.102740130071813,369
"867",870.839097223431,891.675733588071,2412.41986538513,0.0226901282351503,352
"868",952.983253965944,976.908370599711,1434.44744239515,0.101033108624945,365
"869",1068.91543073982,1086.03095531015,3452.29395949901,0.0686575257930242,378
"870",856.980567934468,875.621447043712,2525.54714945143,0.0620433919403423,335
"871",918.159403088248,935.859650010748,2786.69342784714,0.0675990587411686,341
"872",976.708680583638,1010.4438399258,3058.16354734943,0.102929933879922,364
"873",947.057655711462,952.639711017692,2981.90152167923,0.0336535018399608,337
"874",956.212026615551,972.938912608041,2964.54003064541,0.0396194521073338,341
"875",1065.5912499578,1092.8614174335,3506.18707545334,0.0206971976968189,365
"876",954.914334437751,976.098500324266,2938.67387943721,0.0473179018355722,349
"877",1009.77185058509,1034.7500733138,3085.33200272103,0.0569355882947535,377
"878",1035.42556832379,1056.76083513533,3317.09871996319,0.143103814368707,367
"879",976.575280127043,993.290621511543,3078.89221334961,0.0580295851260246,348
"880",976.016345138985,998.139482025711,2955.20393753094,0.0282493473863474,362
"881",1101.7029124331,1113.48256062909,3432.61138717888,0.0237711145634535,388
"882",908.963686383693,925.840486511761,2706.35947153425,0.0933289477896937,346
"883",1082.16245966198,1097.68397087127,3519.4383358254,0.0131271610956077,367
"884",1166.23663445684,1177.99270298651,4026.07856669784,0.0894007005448294,377
"885",1109.42255468201,1128.0924628957,3571.36973199994,0.0569408797638699,386
"886",978.860890702696,996.841135426531,3038.16668199404,0.0357649933631974,352
"887",998.675776097939,1023.51912012379,3189.50351589763,0.0197800143167505,353
"888",1005.81613894499,1023.20754486552,3206.31004346015,0.00427254687896169,348
"889",1130.81000049653,1140.22201544716,3598.54210280617,0.0693213911399092,394
"890",943.586887116153,952.900022524437,2653.71030965569,0.00559758211705528,364
"891",971.933841324213,997.794925475987,2972.489023165,0.0103500336671905,358
"892",1025.92296667462,1052.56109114163,3297.87089657557,0.0425473692866961,362
"893",1019.10434959378,1038.93540306835,3391.75797465368,0.018375453995742,339
"894",956.1408187211,973.704389401284,3028.17141003043,0.002215488658557,334
"895",1085.38165791256,1105.35088570852,3453.02688580734,0.0731496413476836,385
"896",1085.98725662837,1099.70388537038,3484.22078655041,0.0610266060530402,375
"897",972.858562679789,992.397262037773,3031.86678125039,0.0311660924510883,352
"898",938.415107077544,948.839816989887,2615.60237754381,0.0154681239077788,366
"899",1026.5137017811,1046.95013050259,3155.76978351275,0.0907180068625159,377
"900",1032.2912473823,1047.49494263689,3027.50059163253,0.031830275770683,389
"901",971.706606757662,993.889243758427,3303.30578135531,0.050968328624898,339
"902",926.740735038678,946.07386243538,2816.29081268178,0.12134846509336,347
"903",940.171922852733,971.797886561565,2947.39459858661,0.00184841525221758,347
"904",1102.92781548268,1125.07798521452,3570.54535147702,0.0592086317646663,384
"905",912.966967010636,926.87866452222,2803.19589574849,0.123475340350224,340
"906",1096.88976277118,1119.29570636645,3514.48538130652,0.110015359519131,389
"907",983.899705563851,1011.46048836022,3053.85057522004,0.0759284503152751,365
"908",936.974492002675,957.556924722579,2771.02292600889,0.0127675661827333,353
"909",963.959398096734,988.3652433189,2971.34305943435,0.0579593239795071,356
"910",956.853421455049,965.532940197692,3054.97736255287,0.0419039518082273,335
"911",1118.98996286324,1129.42849579423,3734.03239819858,0.0252870851953511,368
"912",972.895087351271,993.460384499837,2917.57013102898,0.0125138905227745,361
"913",964.064138753706,988.416487589247,2953.73838671782,0.0948466728993869,360
"914",1066.59885549003,1092.74815566634,3584.67880804173,0.094380354405411,362
"915",1125.26987097179,1138.05209907736,3476.74303311339,0.0539412771357736,402
"916",934.643533809787,953.094787418434,2983.23016490308,0.0467942743834957,326
"917",957.097173363137,980.96580927638,2759.17592933303,0.0090935907315451,372
"918",905.722319682874,915.334133192456,2560.81707408292,0.0777639199737116,356
"919",1006.71139975917,1033.48485515517,2985.30821455052,0.0154091739167712,382
"920",839.69942365351,860.458716126826,2429.50227524459,0.0269722636964014,327
"921",1005.15330810127,1023.20187751756,3242.46250284146,0.0731536779194596,349
"922",937.057052118898,966.725637194785,2930.65205700824,0.0330556690918308,344
"923",970.768504254823,988.700432720936,3274.36466562301,0.102068674484792,327
"924",872.262348506861,891.975233570642,2634.71542814882,0.0755787897654701,330
"925",1076.24090679723,1102.66550030179,3390.76068700608,0.0209988195299932,384
"926",961.291905927437,968.60072388675,2983.09705370796,0.0720959540630684,341
"927",1033.14528818113,1053.43737763006,3298.80136568617,0.0186123330123894,359
"928",1037.68171150547,1055.4933822899,3312.21471085122,0.0169190749990544,359
"929",936.763352252136,952.660522207984,2735.92693671812,0.0337539950600963,356
"930",1098.17893727594,1113.54328265174,3557.22114173259,0.0810384323140694,380
"931",1047.8826735987,1075.02205339549,3342.08549431411,0.062045230102564,374
"932",926.751880087964,944.952579032023,2825.56890226301,0.0136836405141296,339
"933",1046.58973586041,1061.72177206586,3174.82937516216,0.00229791373026837,380
"934",1065.07057290827,1092.62039352505,3369.53393662178,0.0143043043277899,377
"935",858.197340843172,875.481709777956,2581.10233810475,0.0608227125796469,322
"936",821.333465476861,814.377292294007,2207.56275688172,0.0280702324062501,319
"937",1048.96505849552,1062.70300583257,3359.40452449878,0.0163324933093137,361
"938",1047.35990757178,1066.57499865002,3206.65105294632,0.0320272655904298,381
"939",938.943786484846,950.197140825471,2680.36659408293,0.0776054657780991,366
"940",835.778434194175,847.16406646741,2360.37173235339,0.107127844147496,333
"941",1013.22075857481,1031.87975990527,3150.91620697023,0.0469427385230581,364
"942",1017.70611445975,1039.15929714619,3188.83949137519,0.0810197335447024,368
"943",930.523322963035,952.304282876945,2570.74069766672,0.0300139862979778,378
"944",964.02488696584,984.017714849838,2711.5857886271,0.0247960316587946,381
"945",968.570054456889,986.019124581265,2963.34856507318,0.0606504233931148,360
"946",874.787939523947,898.580603400802,2630.95633094354,0.0535818807192983,333
"947",1056.5204380999,1069.97489265555,3406.51995451894,0.059471799318918,364
"948",894.374711783239,919.3051363383,2587.99087820182,0.159865837224027,357
"949",1046.57321274796,1070.0589837414,3371.40055338376,0.0519282299862468,369
"950",923.227148721366,941.398643237665,2772.14108053066,0.0124219067060786,341
"951",1044.71388235606,1055.8599651776,3401.67315084831,0.0234588574858663,352
"952",993.622953353495,1013.67700962931,3136.89061164042,0.000351021412564936,362
"953",955.483438361524,975.145409605472,2770.14027822943,0.0700629516092871,373
"954",1033.11427074968,1068.00320495348,3118.83367308379,0.068919136213494,396
"955",957.499858824799,979.170762140243,3007.31259729983,0.142805649843939,349
"956",994.140530835514,1018.21370655736,3045.36119551651,0.0370743559909238,363
"957",920.435315430193,943.984227222664,2685.18771592727,0.0683868106406891,360
"958",1152.05052424446,1167.4832057656,3879.55602816957,0.0041578308365125,375
"959",1105.05248301909,1115.3038864185,3626.85982258316,0.0821735541008791,373
"960",947.749569813935,962.514192417446,3042.90126152581,0.0109287788379456,325
"961",1017.13417340448,1031.7332381631,3215.87472942069,0.0259681417707275,355
"962",960.42624441786,971.09216818157,2787.03816391381,0.0279661514500964,363
"963",977.854665470326,993.622965231032,2934.30277520474,0.0925488303402923,367
"964",1032.45170215805,1050.77441623167,3125.13127129218,0.0706125300640509,382
"965",971.462668475747,990.625985729415,2949.46329744975,0.0819735366327943,362
"966",970.906907286809,993.458550326842,3104.72493066256,0.107585036926926,346
"967",990.826626666964,1004.52978716402,3089.73770459531,0.0278348185356443,350
"968",1020.99748987939,1034.69304873898,3290.21223759222,0.0282127767004149,352
"969",963.825174404201,982.019423687187,2877.37530413817,0.0113134389020223,359
"970",895.512829898771,917.324114368545,2694.1038195187,0.139195106921514,342
"971",1009.47261744252,1024.14642220407,3091.16646939409,0.0213260485237131,364
"972",904.616956631439,927.842543536944,2778.94452124871,0.0387750172297847,339
"973",957.126334050305,968.176226029024,2765.41480338257,0.0374526204214223,364
"974",1028.17542708908,1059.22648449837,3156.06893287379,0.0273552277152196,380
"975",997.196000280723,1009.96308397763,3163.61860863421,0.0279107682495341,345
"976",973.343130353233,1003.54363747151,2946.97200192223,0.0155261031412128,365
"977",922.541981128414,942.680806578246,2854.47038263891,0.0906104237107619,339
"978",1017.69307281935,1037.91429321076,3116.16192723732,0.142066591396427,380
"979",989.508848270668,999.080988610914,2948.29641996171,0.0180567044339399,363
"980",964.462368727201,988.217956210293,2939.53063453455,0.108881431523077,364
"981",1027.98908803644,1042.79389921135,3156.85777162579,0.0887453566458646,375
"982",1020.31204039229,1037.45103216162,3032.82246224913,0.0284669841150005,381
"983",977.313383146796,997.796375294976,3018.7634646782,0.125386030363232,360
"984",1015.74661813362,1018.64819526908,2999.3123718494,0.0753614093898529,372
"985",1054.66944300798,1067.18643257727,3353.35119913363,0.00362492444426251,363
"986",967.786960488736,988.168604694299,2935.99633111347,0.0507769739670688,360
"987",1018.21862256023,1032.18616757818,3264.0274979262,0.0739118810985235,355
"988",982.254042737336,997.223237537172,2908.43291443218,0.115797499527928,372
"989",998.969027293081,1014.79900311478,3169.09918114112,0.012654939155895,346
"990",1048.74477194924,1079.26537726023,3433.47687570688,0.0953269349067482,370
"991",1074.0349081265,1089.20166798801,3788.10756109287,0.102661293923586,342
"992",1065.89000985557,1089.68780386033,3529.00940509665,0.0716780979768584,367
"993",1083.49748782277,1114.09249338737,3549.30184502045,0.151773645864044,382
"994",1085.71304547017,1113.16310468374,3644.37113633924,0.0640142914028189,370
"995",940.268234066453,957.165053436633,2783.0274626407,0.0260884867334792,352
"996",1052.45250134537,1082.42920764623,3381.8171845033,0.032047283653891,374
"997",966.809103084539,989.635027615915,2881.97584703026,0.100611938865096,370
"998",974.414270996827,992.024270504645,2879.23073192015,0.0683687565292098,372
"999",1042.76842351143,1050.07505096025,3144.53944968468,0.0149267730092378,377
"1000",891.611031467387,903.979137497539,2566.94775261423,0.109492690183948,347
